ime,naslov,kraj,ocena,doplacilo,vegetarijansko,dostop_za_invalide,dostava,odprto_ob_vikendih,nov_lokal
"""SOLE"" OKREPČEVALNICA, PIZZERIJA, SLAŠČIČARNA IN CATERING","Kolodvorska ulica 18, 1000 Ljubljana",LJUBLJANA,4,2.87,NE,DA,NE,DA,NE
ABI FALAFEL,"Trubarjeva cesta 40, 1000 Ljubljana",LJUBLJANA,4,3.9,DA,DA,NE,DA,NE
AGA KEBAPČI,"Trubarjeva 47, 1000 Ljubljana",LJUBLJANA,4,1.0,NE,DA,NE,NE,NE
AMBIENT,"Topniška 29a, 1000 Ljubljana",LJUBLJANA,0,2.7,DA,NE,NE,NE,NE
ANTARO,"Leskoškova 9e, 1000 Ljubljana",LJUBLJANA,0,3.37,DA,DA,NE,NE,NE
APAČI,"Pohorska cesta 17b, 2380 Slovenj Gradec",SLOVENJ GRADEC,2,3.9,DA,DA,NE,DA,NE
APAČI - DOSTAVA,"Pohorska cesta 17b, 2380 Slovenj Gradec",SLOVENJ GRADEC,5,3.9,DA,NE,DA,DA,NE
"AROMA, RESTAVRACIJA IN PIZZERIJA","Ribji trg 2, 1000 Ljubljana",LJUBLJANA,4,4.37,DA,NE,NE,DA,NE
AZIJSKA RESTAVRACIJA HAN,"Kongresni trg 3, 1000 Ljubljana",LJUBLJANA,4,3.67,DA,NE,NE,DA,NE
AZIJSKA RESTAVRACIJA TLOFT,"Gosposvetska cesta 4, 1000 Ljubljana",LJUBLJANA,4,3.17,DA,NE,NE,DA,NE
B2 RESTAVRACIJA,"Koprska 94, 1000 Ljubljana",LJUBLJANA,4,4.37,DA,DA,NE,NE,NE
B2 RESTAVRACIJA-DOSTAVA,"Koprska 94, 1000 Ljubljana",LJUBLJANA,4,4.37,DA,NE,DA,NE,NE
BABICA,"Tržaška cesta 200, 1000 Ljubljana",LJUBLJANA,4,4.0,DA,DA,NE,DA,NE
BACK WERK,"Slovenska cesta 52, 1000 Ljubljana",LJUBLJANA,3,1.87,DA,DA,NE,NE,NE
BALKAN EXPRESS,"Šmartinska 152 g, 1000 Ljubljana",LJUBLJANA,4,3.67,DA,NE,NE,NE,NE
BAR ENKA,"Baragova 16, 1000 Ljubljana",LJUBLJANA,5,1.0,DA,DA,NE,NE,NE
BARBADO,"Dunajska cesta 106, 1000 Ljubljana",LJUBLJANA,4,3.4,DA,DA,NE,NE,NE
"BIOTEHNIŠKA FAKULTETA, MENZA BF","Večna pot 111, 1000 Ljubljana",LJUBLJANA,5,2.57,DA,NE,NE,NE,NE
BIOTEHNIŠKI IZOBRAŽEVALNI CENTER LJUBLJANA,"Ižanska cesta 10, 1000 Ljubljana",LJUBLJANA,4,2.67,DA,NE,NE,NE,NE
BIOTEHNIŠKI IZOBRAŽEVALNI CENTER LJUBLJANA,"Cesta v Mestni log 47, 1000 Ljubljana",LJUBLJANA,0,2.67,DA,NE,NE,NE,NE
BISTRO ARTY+,"Slovenska ulica 20, 2000 Maribor",MARIBOR,0,3.97,DA,NE,NE,NE,DA
BISTRO ŠUMI,"Kardeljeva ploščad 5, 1000 Ljubljana",LJUBLJANA,5,3.0,DA,DA,NE,NE,NE
BISTRO TANJA- DOSTAVA,"Cankarjeva ulica 58, 9000 Murska Sobota",MURSKA SOBOTA,0,3.37,DA,NE,DA,DA,NE
BISTRO VILLADOMUS,"Vojkovo nabrežje 12, 6000 Koper/Capodistria",KOPER/CAPODISTRIA,5,3.1,DA,DA,NE,NE,NE
BOHOR,"Kidričeva ulica 23, 3250 Rogaška Slatina",ROGAŠKA SLATINA,4,4.0,DA,DA,NE,DA,NE
BON CAFE LUCIJA,"Obala 114, 6320 Portorož/Portorose",PORTOROŽ/PORTOROSE,4,3.37,DA,DA,NE,DA,NE
BOWLING CENTER STRIKE,"Špelina ulica 17a, 2000 Maribor",MARIBOR,5,2.87,DA,NE,NE,NE,NE
BRATJE EREN TAHIRI,"Viška cesta 2, 1000 Ljubljana",LJUBLJANA,5,2.37,DA,DA,NE,DA,NE
BRUC BAR,"Razlagova 9, 2000 Maribor",MARIBOR,4,1.5,NE,DA,NE,NE,DA
BUF KRANJ,"Stara cesta 25b, 4000 Kranj",KRANJ,4,3.57,NE,DA,NE,NE,NE
BURGERMAISTER,"Slovenska ulica 20, 2000 Maribor",MARIBOR,4,2.98,DA,NE,NE,DA,NE
CANTANTE CAFE TABOR,"Ulica Pariške komune 37, 2000 Maribor",MARIBOR,4,3.07,DA,NE,NE,DA,NE
CANTANTE CAFE TABOR - DOSTAVA,"Ulica Pariške komune 37, 2000 Maribor",MARIBOR,5,3.57,DA,NE,DA,DA,NE
CANTINA MEXICANA KNAFELJ,"Knafljev prehod 2, 1000 Ljubljana",LJUBLJANA,4,4.37,DA,DA,NE,NE,NE
CANTINA MEXICANA RUDNIK,"Jurčkova cesta 223, 1000 Ljubljana",LJUBLJANA,4,3.77,DA,DA,NE,NE,NE
CENTRALNA POSTAJA,"Trubarjeva cesta 23, 1000 Ljubljana",LJUBLJANA,4,2.37,NE,NE,NE,DA,NE
CITY GRILL,"Slovenska 18, 2000 Maribor",MARIBOR,4,2.3,NE,DA,NE,DA,NE
CITY GRILL - DOSTAVA,"Slovenska 18, 2000 Maribor",MARIBOR,4,2.5,NE,NE,DA,DA,NE
CITY PIZZA EXPRESS - DOSTAVA,"Ankaranska 7, 6000 Koper/Capodistria",KOPER/CAPODISTRIA,4,4.3,DA,NE,DA,NE,NE
CITYBURGER,"Ankaranska 7, 6000 Koper/Capodistria",KOPER/CAPODISTRIA,5,3.9,DA,DA,NE,NE,NE
CUTTY FOOD CORNER,"Knafljev prehod 1, 1000 Ljubljana",LJUBLJANA,4,1.47,NE,DA,NE,DA,NE
ČEVABDŽINICA SARAJEVO 84,"Tomažičev trg 1, 6000 Koper/Capodistria",KOPER/CAPODISTRIA,5,3.87,DA,DA,NE,DA,NE
ČEVABDŽINICA SARAJEVO 84,"Gramšijev trg 8, 6000 Koper/Capodistria",KOPER/CAPODISTRIA,0,3.87,DA,DA,NE,DA,NE
ČEVABDŽINICA SARAJEVO 84 - DOSTAVA,"Gramšijev trg 8, 6000 Koper/Capodistria",KOPER/CAPODISTRIA,5,4.07,DA,NE,DA,DA,NE
"DA BU DA, AZIJSKA RESTAVRACIJA","Šubičeva 1a, 1000 Ljubljana",LJUBLJANA,4,4.37,DA,NE,NE,NE,NE
DIFOOD-EAT GOOD,"Gortanova 21, 1000 Ljubljana",LJUBLJANA,5,1.7,NE,DA,NE,NE,NE
DIJAŠKI DOM IVANA CANKARJA,"Poljanska cesta 26, 1000 Ljubljana",LJUBLJANA,4,2.4,DA,NE,NE,NE,NE
DIJAŠKI DOM LIZIKE JANČAR,"Titova cesta 24a, 2000 Maribor",MARIBOR,0,2.07,DA,NE,NE,NE,NE
DIJAŠKI DOM MARIBOR,"Gosposvetska cesta 89, 2000 Maribor",MARIBOR,5,2.37,DA,NE,NE,NE,NE
DIJAŠKI DOM POLJANE,"Potočnikova ulica 3, 1000 Ljubljana",LJUBLJANA,0,2.2,DA,NE,NE,NE,NE
DIJAŠKI DOM PORTOROŽ,"Sončna pot 20, 6320 Portorož/Portorose",PORTOROŽ/PORTOROSE,0,3.0,DA,NE,NE,NE,DA
DIJAŠKI DOM TABOR,"Vidovdanska 7, 1000 Ljubljana",LJUBLJANA,5,2.4,DA,NE,NE,NE,NE
DIJAŠKI DOM VIČ,"Gerbičeva 51/a, 1000 Ljubljana",LJUBLJANA,4,2.4,DA,DA,NE,NE,NE
DIJAŠKI IN ŠTUDENTSKI DOM KOPER,"Cankarjeva 5, 6000 Koper/Capodistria",KOPER/CAPODISTRIA,5,1.9,DA,DA,NE,NE,NE
DIJAŠKI IN ŠTUDENTSKI DOM KRANJ,"Kidričeva cesta 53, 4000 Kranj",KRANJ,5,1.87,DA,DA,NE,NE,NE
DIJAŠKI IN ŠTUDENTSKI DOM NOVO MESTO,"Šegova ulica 115, 8000 Novo mesto",NOVO MESTO,0,2.5,DA,NE,NE,NE,NE
DOBROTE VZHODA,"Celovška cesta 69 a, 1000 Ljubljana",LJUBLJANA,5,3.6,DA,NE,NE,DA,NE
DOMAČA PEKARNA,"Dunajska cesta 113, 1000 Ljubljana",LJUBLJANA,4,0.5,NE,DA,NE,NE,NE
DUNYA DONER,"Trg OF 13, 1000 Ljubljana",LJUBLJANA,5,3.3,DA,DA,NE,DA,NE
EAT SMART,"Strossmayerjeva 13, 2000 Maribor",MARIBOR,4,0.0,DA,NE,NE,NE,NE
EAT SMART FERI,"Smetanova 17, 2000 Maribor",MARIBOR,5,2.5,NE,NE,NE,NE,NE
EJGA - RESTAVRACIJA - KAVARNA - PUB - CATERING,"Cesta maršala Tita 27, 4270 Jesenice",JESENICE,2,4.37,DA,DA,NE,DA,NE
EKSPERIMENT RESTAVRACIJA & BAR,"Slovenska cesta 10, 1000 Ljubljana",LJUBLJANA,3,4.3,DA,NE,NE,NE,NE
EMONSKA KLET,"Plečnikov trg 1, 1000 Ljubljana",LJUBLJANA,4,3.5,DA,NE,NE,NE,NE
FAJN FUUD,"Poljanska cesta 22, 1000 Ljubljana",LJUBLJANA,3,2.8,DA,NE,NE,NE,NE
FAJN FUUD PIZZA,"Poljanska cesta 22, 1000 Ljubljana",LJUBLJANA,5,0.0,DA,NE,NE,NE,NE
"FAKULTETA ZA ELEKTROTEHNIKO, MENZA FE","Tržaška cesta 25, 1000 Ljubljana",LJUBLJANA,5,2.57,DA,NE,NE,NE,NE
FARI'S DELICE,"Miklošičeva 34, 1000 Ljubljana",LJUBLJANA,5,2.87,DA,NE,NE,DA,NE
FAST FOOD FRESCO IN SLAST,"Slovenska cesta 51, 1000 Ljubljana",LJUBLJANA,4,1.5,NE,DA,NE,DA,NE
FAST FOOD MAGIC,"Pristaniška ulica2, 6000 Koper/Capodistria",KOPER/CAPODISTRIA,3,2.0,NE,DA,NE,DA,NE
FAST FOOD PUB POD SKALCO,"Gosposka 19, 1000 Ljubljana",LJUBLJANA,5,3.17,DA,DA,NE,NE,NE
FASTFOOD AJDA,"Trg OF 13, 1000 Ljubljana",LJUBLJANA,4,2.1,NE,DA,NE,DA,NE
FORUM,"Petkovškovo nabrežje 25, 1000 Ljubljana",LJUBLJANA,4,4.37,DA,NE,NE,NE,NE
FRESH 4 LIFE VETRINJSKA,"Vetrinjska ulica 9, 2000 Maribor",MARIBOR,4,0.0,DA,DA,NE,NE,DA
FUŽINSKI MERAK,"Nove fužine 45, 1000 Ljubljana",LJUBLJANA,0,2.6,DA,DA,NE,NE,NE
FUŽINSKI MERAK - DOSTAVA,"Nove fužine 45, 1000 Ljubljana",LJUBLJANA,0,3.4,DA,NE,DA,NE,NE
"GARAČ - RESTAVRACIJA ""M""","Šolska cesta 2, 4220 Škofja Loka",ŠKOFJA LOKA,2,2.7,DA,DA,NE,NE,NE
GOSPOSVETSKA,"Gosposvetska cesta 83, 2000 Maribor",MARIBOR,5,0.0,NE,DA,NE,NE,NE
GOSTILNA ČARDA,"Savska cesta 10, 1000 Ljubljana",LJUBLJANA,5,3.87,DA,DA,NE,NE,NE
GOSTILNA ČAS,"Savinjska cesta 72, 3310 Žalec",ŽALEC,0,3.27,DA,NE,NE,DA,NE
GOSTILNA IN GALERIJA MAJOLKA,"Maistrova 11, 1241 Kamnik",KAMNIK,1,3.8,DA,DA,NE,NE,NE
GOSTILNA IN MINI RESTAVRACIJA RAJH,"Cvetkova ulica 21, 9000 Murska Sobota",MURSKA SOBOTA,4,3.5,NE,DA,NE,DA,NE
GOSTILNA IN PICERIJA PAVON,"Njegoševa 6 K, 1000 Ljubljana",LJUBLJANA,0,4.37,DA,NE,NE,NE,NE
GOSTILNA IN PIZZERIA KORTINA,"Cesta borcev 1, 6000 Koper/Capodistria",KOPER/CAPODISTRIA,2,3.87,DA,DA,NE,DA,NE
GOSTILNA IN PIZZERIA MAESTRO,"Mariborska 100, 3000 Celje",CELJE,5,3.37,NE,NE,NE,NE,NE
GOSTILNA IN PIZZERIJA BREZA,"Letališka cesta 27, 1000 Ljubljana",LJUBLJANA,0,4.17,DA,DA,NE,DA,NE
GOSTILNA JAKA,"Dolenjska cesta 103, 1000 Ljubljana",LJUBLJANA,2,3.37,DA,NE,NE,DA,NE
GOSTILNA JELEN,"Celovška cesta 462, 1000 Ljubljana",LJUBLJANA,0,3.5,DA,DA,NE,DA,NE
GOSTILNA KERŠIČ,"Frankopanska ulica 1, 1000 Ljubljana",LJUBLJANA,4,3.0,DA,NE,NE,DA,NE
GOSTILNA LEČNIK,"Trg Svobode 4, 2390 Ravne na Koroškem",RAVNE NA KOROŠKEM,5,3.07,DA,DA,NE,DA,NE
GOSTILNA LUŽNIK,"Ormoška cesta 18, 2250 Ptuj",PTUJ,3,2.3,DA,DA,NE,DA,NE
GOSTILNA POD LIPO,"Borštnikov trg 3, 1000 Ljubljana",LJUBLJANA,3,3.7,DA,DA,NE,DA,NE
GOSTILNA POD ŠKALCAMI,"Oplotniška cesta 5, 3210 Slovenske Konjice",SLOVENSKE KONJICE,5,1.0,NE,DA,NE,NE,NE
GOSTILNA POD ŠKALCAMI - DOSTAVA,"Oplotniška cesta 5, 3210 Slovenske Konjice",SLOVENSKE KONJICE,5,1.0,NE,NE,DA,NE,NE
GOSTILNA PRI POŠTI,"Ulica Heroja Lacka 6, 2250 Ptuj",PTUJ,0,3.17,DA,DA,NE,NE,DA
GOSTILNA PRI VIKTORJU,"Partizanska cesta 17, 4000 Kranj",KRANJ,4,2.87,DA,NE,NE,DA,NE
GOSTILNA RACMAN,"Brezina 19/b, 8250 Brežice",BREŽICE,0,2.97,DA,DA,NE,NE,NE
GOSTILNA STARI TIŠLER,"Kolodvorska ulica 8, 1000 Ljubljana",LJUBLJANA,4,3.87,DA,DA,NE,NE,NE
GOSTILNA ŠELIGO,"Goliev trg 8, 8210 Trebnje",TREBNJE,5,3.5,DA,DA,NE,DA,NE
GOSTILNA ŠTORKLJA,"Šlajmerjeva 1a, 1000 Ljubljana",LJUBLJANA,4,4.07,DA,NE,NE,DA,NE
GOSTILNA ZLATI LEV,"Vodnikov trg 4, 2000 Maribor",MARIBOR,4,2.17,DA,DA,NE,DA,NE
GOSTILNA ZLATI LEV - DOSTAVA,"Vodnikov trg 4, 2000 Maribor",MARIBOR,2,2.57,DA,NE,DA,NE,NE
GOSTILNICA & PICERIJA POBREŠKI HRAM,"Osojnikova 20a, 2000 Maribor",MARIBOR,5,3.7,DA,DA,NE,NE,NE
GOSTILNICA GUŠT,"Drevored 1.maja 5, 6310 Izola/Isola",IZOLA/ISOLA,1,4.37,DA,DA,NE,NE,DA
GOSTILNICA IN PIVNICA KATRCA,"Rožna dolina, Cesta I. 26A, 1000 Ljubljana",LJUBLJANA,5,3.87,DA,DA,NE,NE,NE
GOSTILNICA IN PIZZERIJA KRATOCHWILL,"Jurčkova 225, 1000 Ljubljana",LJUBLJANA,4,4.0,DA,NE,NE,NE,NE
GOSTILNICA IN PIZZERIJA KRATOCHWILL,"Šmartinska 152, 1000 Ljubljana",LJUBLJANA,4,4.0,DA,NE,NE,NE,NE
GOSTILNICA NAMANOVA,"Podgorska cesta 2, 2380 Slovenj Gradec",SLOVENJ GRADEC,5,2.67,DA,NE,NE,NE,NE
GOSTIŠČE KUM,"Prešernova cesta 1, 1410 Zagorje ob Savi",ZAGORJE OB SAVI,0,3.17,DA,DA,NE,DA,NE
GOSTIŠČE LOKA,"Župančičevo sprehajališče 2, 8000 Novo mesto",NOVO MESTO,5,3.5,DA,DA,NE,NE,NE
GOSTIŠČE NA TRGU - HIŠA KULINARIKE,"Glavni trg 30, 8000 Novo mesto",NOVO MESTO,0,2.77,DA,NE,NE,NE,NE
GREENY EF,"Kardeljeva ploščad 17, 1000 Ljubljana",LJUBLJANA,3,1.5,DA,NE,NE,NE,DA
GREENY FŠ,"Gortanova 22, 1000 Ljubljana",LJUBLJANA,2,1.5,DA,NE,NE,NE,DA
GURMANSKI HRAM,"Zagrebška cesta 92, 2000 Maribor",MARIBOR,0,2.07,DA,DA,NE,NE,NE
GURMANSKI HRAM - DOSTAVA,"Zagrebška cesta 92, 2000 Maribor",MARIBOR,3,2.07,DA,NE,DA,NE,NE
HALO HONKONG - DOSTAVA,"Litijska 28, 1000 Ljubljana",LJUBLJANA,2,4.2,DA,NE,DA,DA,NE
HALO JANEZ,"Linhartov podhod 39, 1000 Ljubljana",LJUBLJANA,4,3.77,DA,DA,NE,DA,NE
HALO JANEZ - DOSTAVA,"Linhartov podhod 39, 1000 Ljubljana",LJUBLJANA,4,3.77,DA,NE,DA,DA,NE
HALO KATRA,"Njegoševa 6K, 1000 Ljubljana",LJUBLJANA,4,4.37,DA,NE,DA,NE,NE
HALO PINKI,"Pod ježami 14, 1000 Ljubljana",LJUBLJANA,5,3.3,DA,NE,NE,DA,NE
HALO PINKI - DOSTAVA,"Pod ježami 14, 1000 Ljubljana",LJUBLJANA,4,3.9,DA,NE,DA,DA,NE
HALO RDEČE JABOLKO - DOSTAVA,"Tržaška 116, 1000 Ljubljana",LJUBLJANA,4,4.2,DA,NE,DA,DA,NE
HALO SHAOLIN - DOSTAVA,"Hacquetova 5, 1000 Ljubljana",LJUBLJANA,4,4.0,DA,NE,DA,DA,NE
HIŠA POD GRADOM,"Streliška ulica 10, 1000 Ljubljana",LJUBLJANA,4,3.97,DA,NE,NE,NE,NE
HITRA HRANA MARTINA KRPANA,"Šegova ulica 112, 8000 Novo mesto",NOVO MESTO,3,2.07,NE,NE,NE,NE,NE
HONG XIANG,"Cesta v mestni log 55, 1000 Ljubljana",LJUBLJANA,5,2.8,DA,DA,NE,NE,DA
HONG XIANG - DOSTAVA,"Cesta v mestni log 55, 1000 Ljubljana",LJUBLJANA,4,4.0,NE,NE,DA,NE,DA
HOSTEL SITULA,"Dilančeva 1, 8000 Novo mesto",NOVO MESTO,3,2.98,DA,DA,NE,NE,NE
HOT HORSE - BTC,"Šmartinska cesta 152, 1000 Ljubljana",LJUBLJANA,4,3.2,DA,DA,NE,NE,NE
HOT HORSE - TIVOLI,"Celovška cesta 25, 1000 Ljubljana",LJUBLJANA,4,3.2,DA,DA,NE,NE,NE
HOTEL CELEIA,"Mariborska cesta 3, 3000 Celje",CELJE,0,3.5,DA,DA,NE,NE,NE
HOTEL OPARA,"Goliev trg 13, 8210 Trebnje",TREBNJE,0,3.5,DA,NE,NE,NE,NE
HOTEL PAKA,"Rudarska cesta 1, 3320 Velenje",VELENJE,0,3.87,NE,NE,NE,NE,NE
HOTEL SLOVENJ GRADEC,"Glavni trg 43, 2380 Slovenj Gradec",SLOVENJ GRADEC,5,1.87,DA,NE,NE,NE,NE
HOTSPOT BAR&BISTRO,"Kardeljeva ploščad 17, 1000 Ljubljana",LJUBLJANA,4,3.07,DA,NE,NE,NE,DA
HOTSPOT CENTER BAR&BISTRO,"Nazorjeva 6, 1000 Ljubljana",LJUBLJANA,4,3.67,NE,NE,NE,NE,NE
HUANG'S KITAJSKA RESTAVRACIJA,"Kolodvorska ulica 20, 1000 Ljubljana",LJUBLJANA,0,4.17,DA,DA,NE,DA,NE
ITALIJANSKA RESTAVRACIJA MIRJE,"Tržaška cesta 5, 1000 Ljubljana",LJUBLJANA,4,4.37,DA,DA,NE,DA,NE
JAPONSKA RESTAVRACIJA MOYSUSHI,"Mestni trg 17, 1000 Ljubljana",LJUBLJANA,4,3.87,DA,NE,NE,DA,NE
JET BAR,"Šubičeva 1, 1000 Ljubljana",LJUBLJANA,4,3.4,DA,DA,NE,NE,NE
JOE PENA'S CANTINA Y BAR,"Cankarjeva cesta 6, 1000 Ljubljana",LJUBLJANA,5,4.37,DA,NE,NE,DA,NE
K16,"Aškrčeva 2, 1000 Ljubljana",LJUBLJANA,4,0.0,DA,NE,NE,NE,NE
KAMPUS PIZZA,"Pivovarniška ulica 6, 1000 Ljubljana",LJUBLJANA,5,2.5,NE,DA,NE,NE,NE
KANAPE,"Gosposvetska cesta 15, 2000 Maribor",MARIBOR,4,0.0,DA,DA,NE,NE,NE
KAPITAL,"Kardeljeva ploščad , 1000 Ljubljana",LJUBLJANA,4,2.7,DA,NE,NE,NE,DA
KARANTANIJA,"Drulovka 40, 4000 Kranj",KRANJ,0,2.4,DA,DA,NE,DA,NE
KAVARNA FILOZOF,"Borštnikov trg 2, 1000 Ljubljana",LJUBLJANA,4,0.0,DA,NE,NE,NE,DA
KAVARNA IN RESTAVRACIJA NOVA GORICA,"Delpinova 16, 5000 Nova Gorica",NOVA GORICA,0,3.87,DA,DA,NE,NE,NE
KAVARNA IN SENDVIČARNA FERI,"Smetanova ulica 17, 2000 Maribor",MARIBOR,5,0.0,NE,DA,NE,NE,NE
KAVARNA IN SLAŠČIČARNA CARNIOLA,"Gregorčičeva 2, 4000 Kranj",KRANJ,0,2.27,DA,DA,NE,DA,NE
KAVARNA IN SLAŠČIČARNA RENDEZ - VOUS,"Oprešnikova 28, 4000 Kranj",KRANJ,0,2.27,DA,NE,NE,DA,NE
KAVARNA NUK,"Turjaška 1, 1000 Ljubljana",LJUBLJANA,4,2.5,NE,NE,NE,NE,NE
KAVARNA STIL BURGER,"Koroška cesta 59, 2000 Maribor",MARIBOR,5,1.17,DA,DA,NE,DA,NE
KAVARNA STRIT,"Zdravstevna 5, 1000 Ljubljana",LJUBLJANA,5,1.9,DA,NE,NE,NE,DA
KITAJSKA PALAČA - DOSTAVA,"Focheva ulica 41, 2000 Maribor",MARIBOR,5,3.6,DA,NE,DA,DA,NE
KITAJSKA RESTAVRACIJA AZIJA,"Ptujska cesta 131 , 2000 Maribor",MARIBOR,5,3.5,DA,DA,NE,NE,NE
KITAJSKA RESTAVRACIJA AZIJA,"Gosposvetska ulica 1, 4000 Kranj",KRANJ,4,2.9,DA,NE,NE,DA,NE
KITAJSKA RESTAVRACIJA BELI LABOD,"Masarykova 17, 1000 Ljubljana",LJUBLJANA,5,3.2,DA,NE,NE,NE,NE
KITAJSKA RESTAVRACIJA BELI LABOD - DOSTAVA,"Masarykova 17, 1000 Ljubljana",LJUBLJANA,4,4.0,DA,NE,DA,DA,NE
KITAJSKA RESTAVRACIJA CESARSKA HIŠA,"Ankaranska cesta 5B, 6000 Koper/Capodistria",KOPER/CAPODISTRIA,0,3.2,DA,DA,NE,DA,NE
KITAJSKA RESTAVRACIJA CHANG,"Cesta Marežganskega upora 13, 6000 Koper/Capodistria",KOPER/CAPODISTRIA,5,4.3,DA,DA,NE,NE,NE
KITAJSKA RESTAVRACIJA DVA ZMAJA,"Kersnikova 31, 3000 Celje",CELJE,4,2.97,DA,DA,NE,NE,NE
KITAJSKA RESTAVRACIJA HAN,"Šmartinska 152 g, 1000 Ljubljana",LJUBLJANA,4,3.67,DA,NE,NE,NE,NE
KITAJSKA RESTAVRACIJA KITAJSKI ZMAJ,"Ižanska cesta 282, 1000 Ljubljana",LJUBLJANA,0,3.3,DA,NE,NE,DA,NE
KITAJSKA RESTAVRACIJA NANKING,"Mačkovec 6, 8000 Novo mesto",NOVO MESTO,5,3.0,DA,DA,NE,DA,NE
KITAJSKA RESTAVRACIJA NOVI ŠANGHAI,"Kapitelska 5, 1000 Ljubljana",LJUBLJANA,4,3.0,DA,DA,NE,DA,NE
KITAJSKA RESTAVRACIJA PEKING,"Ulica narodnih herojev 3, 4260 Bled",BLED,4,3.27,DA,NE,NE,DA,NE
KITAJSKA RESTAVRACIJA ŠANG HAI,"Delavska ulica 11, 4270 Jesenice",JESENICE,5,3.27,DA,DA,NE,DA,NE
KITAJSKA RESTAVRACIJA ZHONGHUA,"Trubarjeva cesta 50, 1000 Ljubljana",LJUBLJANA,5,3.2,DA,NE,NE,NE,NE
KITAJSKA RESTAVRACIJA ZLATA SRNA,"Ulica Pohorskega bataljona 14, 2000 Maribor",MARIBOR,4,2.5,DA,DA,NE,DA,NE
KITAJSKA RESTAVRACIJA ZLATA SRNA - DOSTAVA,"Ulica Pohorskega bataljona 14, 2000 Maribor",MARIBOR,5,3.3,DA,NE,DA,DA,NE
KITAJSKA RESTAVRACIJA ZVEZDA,"Loška ulica 10, 2000 Maribor",MARIBOR,5,2.2,DA,NE,NE,DA,NE
KITAJSKA RESTAVRACJA CESARSKA HIŠA-DOSTAVA,"Ankaranska cesta 5B, 6000 Koper/Capodistria",KOPER/CAPODISTRIA,3,4.2,DA,NE,DA,DA,NE
KITAJSKI DVOR,"Teharska cesta 35, 3000 Celje",CELJE,4,2.7,DA,DA,NE,NE,NE
KITAJSKI DVOR,"Dunajska cesta 29, 1000 Ljubljana",LJUBLJANA,4,3.2,DA,NE,NE,NE,NE
KITAJSKI DVOR - DOSTAVA,"Dunajska cesta 29, 1000 Ljubljana",LJUBLJANA,4,3.7,DA,NE,DA,NE,NE
KITAJSKI DVOR - DOSTAVA,"Teharska cesta 35, 3000 Celje",CELJE,3,3.3,DA,NE,DA,NE,NE
KITAJSKO MESTO,"Slamnikarjeva 1, 1230 Domžale",DOMŽALE,5,2.57,DA,DA,NE,DA,NE
KITAJSKO MESTO - DOSTAVA,"Slamnikarjeva 1, 1230 Domžale",DOMŽALE,5,3.87,DA,NE,DA,DA,NE
KLINIKA BAR,"Zaloška cesta 7, 1000 Ljubljana",LJUBLJANA,4,1.3,NE,DA,NE,DA,NE
KLOPČIČ,"Litostrojska cesta 57, 1000 Ljubljana",LJUBLJANA,4,2.57,DA,NE,NE,NE,NE
KLOPČIČ - DOM LITOSTROJ,"Litostrojska cesta 55, 1000 Ljubljana",LJUBLJANA,0,2.57,DA,NE,NE,NE,NE
KRATOCHWILL,"Nemčavci 1d, 9000 Murska Sobota",MURSKA SOBOTA,3,3.27,DA,NE,NE,NE,NE
KURJI TAT,"Tbilisijska 59, 1000 Ljubljana",LJUBLJANA,4,3.27,DA,DA,NE,NE,NE
LA CANTINA,"Ulica Staneta Žagarja 2b, 4240 Radovljica",RADOVLJICA,5,3.37,NE,DA,NE,DA,NE
LA PIZZETA OKREPČEVALNICA,"Slivniška cesta 6, 2311 Hoče",HOČE,4,2.0,DA,NE,NE,NE,NE
LABIRINT,"Čevljarska 9, 6000 Koper/Capodistria",KOPER/CAPODISTRIA,4,3.1,DA,DA,NE,NE,NE
LETEČA ZVEZDA,"Kvedrova cesta 5a, 1000 Ljubljana",LJUBLJANA,0,3.0,DA,NE,NE,NE,NE
LIPCA - INDEKS,"Borštnikov trg 3a, 1000 Ljubljana",LJUBLJANA,4,0.0,DA,NE,NE,DA,NE
LONDON STREET FOOD,"Stossmayerjeva ulica 26, 2000 Maribor",MARIBOR,5,2.97,DA,DA,NE,NE,NE
LOVING HUT,"Gosposvetska cesta 43a, 2000 Maribor",MARIBOR,4,3.3,DA,DA,NE,NE,NE
LOVING HUT LJUBJANA CENTER,"Trg OF 14, 1000 Ljubljana",LJUBLJANA,4,3.5,DA,NE,NE,NE,NE
LUNCH BOX,"Gosposvetska cesta 19, 2000 Maribor",MARIBOR,4,0.0,NE,NE,NE,NE,NE
MAFIJA,"Jadranska 21, 1000 Ljubljana",LJUBLJANA,5,0.0,DA,NE,NE,NE,NE
MAHARAJA INDIJSKA RESTAVRACIJA,"Vodnikova 35, 1000 Ljubljana",LJUBLJANA,5,4.37,DA,DA,NE,NE,NE
MANGO SNACKS,"Turnerjeva ulica 17, 2000 Maribor",MARIBOR,4,0.0,DA,DA,NE,NE,NE
MAŠ ZA MAL'CO,"Tomšičeva 10b, 3320 Velenje",VELENJE,5,2.17,DA,DA,NE,NE,NE
MAXI RESTAVRACIJA ROMANSA 1971,"Trg republike 1, 1000 Ljubljana",LJUBLJANA,4,4.27,DA,DA,NE,DA,NE
MC PANDA,"Ulica Vita Kraigherja 5, 2000 Maribor",MARIBOR,4,0.0,DA,NE,NE,NE,NE
MC PATRIOT,"Žička cesta 4a, 3210 Slovenske Konjice",SLOVENSKE KONJICE,0,1.0,NE,DA,NE,DA,NE
MCDONALD'S RESTAVRACIJA - SWATY,"Tržaška 6, 2000 Maribor",MARIBOR,4,2.07,DA,NE,NE,NE,NE
MCDONALD'S RESTAVRACIJA EUROPARK,"Pobreška 18, 2000 Maribor",MARIBOR,5,2.07,DA,NE,NE,NE,NE
MCDONALD'S RESTAVRACIJA PTUJSKA,"Ptujska 106, 2000 Maribor",MARIBOR,4,2.07,DA,NE,NE,NE,NE
MCDONALD'S RESTAVRACIJA VELENJE,"Kidričeva 2b, 3320 Velenje",VELENJE,4,2.07,DA,NE,NE,NE,NE
MCDONALD'S MCDRIVE DOMŽALE,"Breznikova 15, 1230 Domžale",DOMŽALE,4,2.07,DA,NE,NE,NE,NE
MCDONALD'S RESTAVRACIJA - CELJE DRIVE,"Mariborska cesta 164, 3000 Celje",CELJE,5,2.07,NE,NE,NE,NE,NE
MCDONALD'S RESTAVRACIJA - CELOVŠKA,"Celovška cesta 170, 1000 Ljubljana",LJUBLJANA,4,2.07,DA,NE,NE,NE,NE
MCDONALD'S RESTAVRACIJA - KRANJ DRIVE,"Cesta Boštjana Hladnika 7, 4000 Kranj",KRANJ,4,2.07,DA,NE,NE,NE,NE
MCDONALD'S RESTAVRACIJA KOPER,"Ankaranska 4, 6000 Koper/Capodistria",KOPER/CAPODISTRIA,4,2.07,DA,NE,NE,NE,NE
MCDONALD'S RESTAVRACIJA NOVA GORICA,"Vojkova cesta 111, 5000 Nova Gorica",NOVA GORICA,0,2.07,DA,NE,NE,NE,NE
ME GUSTA,"Jezdarska ulica 8b, 2000 Maribor",MARIBOR,4,0.0,NE,NE,NE,NE,NE
MEDITERRANEO,"Ciril Metodov trg 16, 1000 Ljubljana",LJUBLJANA,4,4.37,DA,NE,NE,DA,NE
MEHIŠKA RESTAVRACIJA CANTINA MARIA,"Ulica Jake Platiše 17, 4000 Kranj",KRANJ,3,2.4,DA,DA,NE,NE,NE
MEHIŠKA RESTAVRACIJA IMPERIO - DOSTAVA,"Šmartinska 152g, 1000 Ljubljana",LJUBLJANA,4,4.37,DA,NE,DA,DA,NE
MEHIŠKA RESTAVRACIJA IMPERIO MEXICANO,"Šmartinska 152g, 1000 Ljubljana",LJUBLJANA,5,3.67,DA,NE,NE,NE,NE
MENZA,"Celovška cesta 166, 1000 Ljubljana",LJUBLJANA,5,2.37,DA,NE,NE,NE,NE
MENZA FS,"Aškerčeva cesta 6, 1000 Ljubljana",LJUBLJANA,5,2.57,DA,DA,NE,NE,DA
META IN BAZILIKA,"Rimska cesta 25a, 1000 Ljubljana",LJUBLJANA,4,3.97,DA,NE,NE,NE,DA
MLEČNA RESTAVRACIJA,"Maistrov trg 13, 4000 Kranj",KRANJ,5,2.27,DA,NE,NE,NE,DA
MLEČNA RESTAVRACIJA - DOSTAVA,"Maistrov trg 13, 4000 Kranj",KRANJ,0,3.27,DA,NE,DA,NE,DA
MORNARČEK RIBJA KANTINA - RESTAVRACIJA,"Pistaniška ulica 2, 6000 Koper/Capodistria",KOPER/CAPODISTRIA,2,3.87,NE,NE,NE,DA,NE
NAMASTE INDIAN EXPRESS,"Trubarjeva ulica 31, 1000 Ljubljana",LJUBLJANA,4,3.3,DA,NE,NE,NE,NE
NEWS CAFE,"Obala 4F, 6320 Portorož/Portorose",PORTOROŽ/PORTOROSE,4,3.5,DA,DA,NE,DA,NE
NOOMM,"Tyrševa 3, 2000 Maribor",MARIBOR,4,2.9,NE,NE,NE,NE,NE
OKREPČEVALNICA - BISTRO TANJA,"Cankarjeva ulica 58, 9000 Murska Sobota",MURSKA SOBOTA,0,2.37,DA,NE,NE,DA,NE
OKREPČEVALNICA - DINER KINO GLEDALIŠČE BEŽIGRAD,"Linhartova 11, 1000 Ljubljana",LJUBLJANA,5,3.1,DA,DA,NE,DA,NE
OKREPČEVALNICA - PIZZERIJA MAKS,"Dunajska cesta 111, 1000 Ljubljana",LJUBLJANA,4,2.97,DA,DA,NE,DA,NE
"OKREPČEVALNICA ""BUREK 1""","Trg OF 7, 1000 Ljubljana",LJUBLJANA,4,1.2,NE,DA,NE,DA,NE
"OKREPČEVALNICA ""BUREK""","Poljanska cesta 7, 1000 Ljubljana",LJUBLJANA,4,1.2,NE,DA,NE,DA,NE
"OKREPČEVALNICA ""RIVIERA""","Trubarjeva cesta 36, 1000 Ljubljana",LJUBLJANA,3,2.6,DA,NE,NE,DA,NE
OKREPČEVALNICA AJDA,"Ajdovščina 4, 1000 Ljubljana",LJUBLJANA,4,2.7,NE,NE,NE,NE,NE
OKREPČEVALNICA AZZURRO,"Nove Fužine 43, 1000 Ljubljana",LJUBLJANA,0,3.0,NE,NE,NE,DA,NE
OKREPČEVALNICA BADOVINAC,"Kardeljeva ploščad 5, 1000 Ljubljana",LJUBLJANA,4,1.2,DA,DA,NE,NE,NE
OKREPČEVALNICA BOBER (PARIŠKE KOMUNE),"Ulica Pariške komune 47, 2000 Maribor",MARIBOR,0,2.0,DA,DA,NE,NE,NE
OKREPČEVALNICA BOBER (PARTIZANSKA),"Partizanska 50, 2000 Maribor",MARIBOR,4,2.0,DA,NE,NE,NE,NE
OKREPČEVALNICA ĆEVABDŽINICA MALI GAZDA,"Obala 114, 6320 Portorož/Portorose",PORTOROŽ/PORTOROSE,3,3.6,DA,DA,NE,DA,NE
OKREPČEVALNICA FRESH (PRODAJNO MESTO PETROL),"Dol. Podboršt pri Trebnjem 50, 8210 Trebnje",TREBNJE,0,3.77,DA,DA,NE,NE,NE
OKREPČEVALNICA FRESH (PRODAJNO MESTO PETROL),"Ljubljanska cesta 50, 1236 Trzin",TRZIN,0,3.77,DA,DA,NE,NE,NE
OKREPČEVALNICA FRESH (PRODAJNO MESTO PETROL),"Povir 95, 6210 Sežana",SEŽANA,0,3.77,DA,DA,NE,NE,NE
OKREPČEVALNICA HAMBURGER HILL ZAGREBŠKA,"Zagrebška cesta 73, 2000 Maribor",MARIBOR,5,1.37,NE,DA,NE,NE,NE
OKREPČEVALNICA IZUM,"Prešernova 17, 2000 Maribor",MARIBOR,5,2.87,DA,NE,NE,NE,NE
OKREPČEVALNICA KEMIJSKI INŠTITUT,"Hajdrihova 19, 1000 Ljubljana",LJUBLJANA,0,2.97,DA,NE,NE,NE,NE
OKREPČEVALNICA LAGUNA,"Kocljeva 1a, 9000 Murska Sobota",MURSKA SOBOTA,3,1.8,NE,NE,NE,NE,NE
OKREPČEVALNICA LAGUNA - DOSTAVA,"Kocljeva 1a, 9000 Murska Sobota",MURSKA SOBOTA,4,1.8,NE,NE,DA,DA,NE
OKREPČEVALNICA MAJ,"Pivola 10, 2311 Hoče",HOČE,5,2.0,DA,NE,NE,NE,NE
OKREPČEVALNICA MINUTKA,"Celjska cesta 48 b, 2380 Slovenj Gradec",SLOVENJ GRADEC,0,2.17,NE,DA,NE,NE,NE
OKREPČEVALNICA MM PANDA,"Koroška cesta 9, 2000 Maribor",MARIBOR,5,2.0,NE,DA,NE,NE,NE
OKREPČEVALNICA NOVAK,"Koštialova 1, 8000 Novo mesto",NOVO MESTO,0,3.37,NE,DA,NE,NE,NE
OKREPČEVALNICA PEKARNA DOBROT,"Kotnikova 5, 1000 Ljubljana",LJUBLJANA,5,1.0,DA,DA,NE,NE,NE
OKREPČEVALNICA PIVNICA ALF,"Koroška cesta 5, 2000 Maribor",MARIBOR,4,2.8,DA,NE,NE,NE,NE
OKREPČEVALNICA PIVNICA ALF - DOSTAVA,"Koroška cesta 5, 2000 Maribor",MARIBOR,4,3.3,DA,NE,DA,NE,NE
OKREPČEVALNICA PODHOD,"Trg OF 10, 1000 Ljubljana",LJUBLJANA,5,1.2,NE,DA,NE,DA,NE
OKREPČEVALNICA PUB LEGENDE,"Trg MDB 8, 1000 Ljubljana",LJUBLJANA,4,3.17,DA,DA,NE,DA,NE
OKREPČEVALNICA RIBCA,"Adamič Lundrovo nabrežje 1, 1000 Ljubljana",LJUBLJANA,3,3.77,DA,DA,NE,NE,NE
OKREPČEVALNICA SARAJEVO,"Gosposvetska cesta 43c, 2000 Maribor",MARIBOR,4,2.77,DA,DA,NE,DA,NE
OKREPČEVALNICA STARI GRIL,"Glavni trg 5, 2000 Maribor",MARIBOR,5,2.8,DA,DA,NE,NE,NE
OKREPČEVALNICA ŠIŠ,"Usnjarska ulica 5, 2000 Maribor",MARIBOR,5,2.99,DA,DA,NE,DA,NE
OKREPČEVALNICA ŠUMI,"Kardeljeva ploščad 5, 1000 Ljubljana",LJUBLJANA,4,0.0,NE,DA,NE,NE,NE
OKREPČEVALNICA VIDA,"Prežihova ulica 5, 2390 Ravne na Koroškem",RAVNE NA KOROŠKEM,0,3.37,DA,NE,NE,NE,NE
OKREPČEVALNICA VILLA MONDE,"Spuhlja 32, 2250 Ptuj",PTUJ,5,2.67,NE,DA,NE,DA,NE
OKREPČEVANICA FRESH (PRODAJNO MESTO PETROL),"Povir 96, 6210 Sežana",SEŽANA,0,3.77,DA,DA,NE,NE,NE
OŠTARIJA PIZZERIA DA NOI,"Ulica Eve Lovše 1, 2000 Maribor",MARIBOR,4,2.99,NE,NE,NE,NE,NE
OŠTARIJA PIZZERIA DA NOI - DOSTAVA,"Ulica Eve Lovše 1, 2000 Maribor",MARIBOR,5,4.37,NE,NE,DA,DA,NE
OŠTARIJA PRI OLJKI,"Šmartinska cesta 152, 1000 Ljubljana",LJUBLJANA,5,3.27,DA,NE,NE,NE,NE
P.E. FAKULTETA ZA GRADBENIŠTVO IN GEODEZIJO,"Jamova 2, 1000 Ljubljana",LJUBLJANA,5,2.4,DA,DA,NE,NE,NE
PAPAGAYO,"Gosposka ulica 6, 2000 Maribor",MARIBOR,4,3.0,DA,DA,NE,NE,NE
PE DIJAŠKI DOM CELJE,"Ljubljanska cesta 21, 3000 Celje",CELJE,0,2.5,NE,NE,NE,NE,NE
PE KAVA BAR IN OKREPČEVALNICA FANTOM,"Glavni trg 41, 2380 Slovenj Gradec",SLOVENJ GRADEC,5,3.17,NE,NE,NE,DA,NE
PE MARJETICA,"Tobačna ulica 5, 1000 Ljubljana",LJUBLJANA,5,2.07,DA,NE,NE,NE,NE
PE OŠTARIJA CITY CENTER,"Mariborska cesta 100, 3000 Celje",CELJE,5,2.97,NE,NE,NE,NE,NE
PEK MATJAŽ TOMŠIČEVA,"Tomšičeva cesta 15, 3320 Velenje",VELENJE,5,0.0,NE,NE,NE,NE,NE
PERLA,"Leskoškova 11, 1000 Ljubljana",LJUBLJANA,0,3.37,DA,NE,NE,NE,NE
PETROL OKREPČEVALNICA FRESH,"Tržaška cesta 130, 1000 Ljubljana",LJUBLJANA,0,3.77,DA,NE,NE,NE,NE
PETROL OKREPČEVALNICA FRESH,"Celovška cesta 226, 1000 Ljubljana",LJUBLJANA,0,3.77,DA,NE,NE,NE,NE
PETROL OKREPČEVANICA FRESH,"Kolodvorska cesta 3A, 6000 Koper/Capodistria",KOPER/CAPODISTRIA,0,3.77,DA,NE,NE,NE,NE
PIAZZA DEL PAPA,"Jurčkova cesta 223, 1000 Ljubljana",LJUBLJANA,5,3.37,DA,NE,NE,NE,NE
PICERIJA ALAN FORD,"Ferrarska 14, 6000 Koper/Capodistria",KOPER/CAPODISTRIA,4,3.07,DA,DA,NE,NE,NE
PICERIJA BARJAN,"Cesta v Mestni log 55, 1000 Ljubljana",LJUBLJANA,5,3.5,DA,NE,NE,NE,NE
PICERIJA BONITAS,"Celjska cesta 7, 3310 Žalec",ŽALEC,4,3.27,DA,NE,NE,NE,NE
PICERIJA BONITAS - DOSTAVA,"Celjska cesta 7, 3310 Žalec",ŽALEC,0,4.27,NE,NE,DA,DA,NE
PICERIJA ERA,"Pod Trško goro 83, 8000 Novo mesto",NOVO MESTO,0,3.17,DA,DA,NE,DA,NE
PICERIJA IN RESTAVRACIJA TONAČ,"Grmičeva ulica 1, 4000 Kranj",KRANJ,5,4.0,DA,DA,NE,DA,NE
PICERIJA NA PLACU,"Goriška cesta 13, 5271 Vipava",VIPAVA,0,4.37,DA,DA,NE,NE,NE
PICERIJA SILVESTER,"Cesta talcev 41, 4000 Kranj",KRANJ,5,2.37,DA,DA,NE,DA,NE
PICERIJA ŠTANGELJ,"UlicaIvana Roba 56, 8000 Novo mesto",NOVO MESTO,0,2.57,DA,NE,NE,DA,NE
PICERIJA TONAČ - DOSTAVA,"Grmičeva ulica 1, 4000 Kranj",KRANJ,4,4.0,DA,NE,DA,DA,NE
PICERIJA VERONA,"Opekarniška cesta 9, 3000 Celje",CELJE,5,2.86,DA,DA,NE,NE,NE
PICERIJA VERONA - DOSTAVA,"Opekarniška cesta 9, 3000 Celje",CELJE,4,3.86,DA,NE,DA,NE,NE
PICESTAVRACIJA BOCCACCIO,"Celovška cesta 249, 1000 Ljubljana",LJUBLJANA,4,4.17,NE,DA,NE,DA,NE
PIVNICA ADAM RAVBAR,"Perkova 17, 1230 Domžale",DOMŽALE,5,3.77,DA,DA,NE,NE,NE
PIVNICA EMONEC,"Vanganelska cesta 20, 6000 Koper/Capodistria",KOPER/CAPODISTRIA,0,3.87,DA,NE,NE,NE,NE
PIVOVARNA IN PIVNICA KRATOCHWILL,"Kolodvorska ulica 14, 1000 Ljubljana",LJUBLJANA,5,4.0,DA,DA,NE,DA,NE
PIZZERIA BRIKSEN,"Ljubljanska cesta 5, 4260 Bled",BLED,3,4.37,DA,NE,NE,NE,NE
PIZZERIA CHIANTI,"Rozmanova ulica 25, 8000 Novo mesto",NOVO MESTO,3,3.37,NE,DA,NE,DA,NE
PIZZERIA DA NOI FAST FOOD,"Ulica Eve Lovše 1, 2000 Maribor",MARIBOR,5,0.6,NE,NE,NE,NE,NE
PIZZERIA DI ANTONIO,"Gradišče 8a, 2380 Slovenj Gradec",SLOVENJ GRADEC,0,2.07,NE,NE,NE,NE,NE
PIZZERIA DI ANTONIO - DOSTAVA,"Gradišče 8a, 2380 Slovenj Gradec",SLOVENJ GRADEC,0,2.67,NE,NE,DA,NE,NE
PIZZERIA FOCULUS,"Gregorčičeva ulica 3, 1000 Ljubljana",LJUBLJANA,5,4.0,NE,DA,NE,NE,NE
PIZZERIA FONTANA,"Dalmatinova ulica 2, 8270 Krško",KRŠKO,3,3.87,DA,DA,NE,NE,NE
PIZZERIA GALLUS,"Ljubljanska cesta 4, 4260 Bled",BLED,0,3.7,DA,DA,NE,DA,NE
PIZZERIA GREGORINO,"Vojkova 34, 1000 Ljubljana",LJUBLJANA,4,3.8,DA,NE,NE,NE,NE
PIZZERIA HITRI GONZALES,"Na Poljanah 18, 2000 Maribor",MARIBOR,2,3.9,DA,DA,NE,DA,NE
PIZZERIA HITRI GONZALES - DOSTAVA,"Na Poljanah 18, 2000 Maribor",MARIBOR,3,4.37,DA,NE,DA,DA,NE
PIZZERIA IN ŠPAGETARIJA OLIVA,"Litijska cesta 38, 1000 Ljubljana",LJUBLJANA,5,4.37,DA,DA,NE,DA,NE
PIZZERIA IN ŠPAGETERIA AL CAPONE,"Pobreška cesta 18, 2000 Maribor",MARIBOR,4,3.19,NE,NE,NE,NE,NE
PIZZERIA IN ŠPAGETERIJA AL CAPONE,"Šmartinska cesta 152, 1000 Ljubljana",LJUBLJANA,3,3.17,DA,NE,NE,NE,NE
PIZZERIA IN ŠPAGETTERIA CUBUS,"Podbevškova ulica 11, 8000 Novo mesto",NOVO MESTO,0,2.9,DA,DA,NE,DA,NE
PIZZERIA KUKUCA,"Tra Franca Fakina 1, 1420 Trbovlje",TRBOVLJE,0,0.87,NE,DA,NE,DA,NE
PIZZERIA LATERNA,"Tržaška 79a, 1000 Ljubljana",LJUBLJANA,5,3.4,DA,DA,NE,DA,NE
PIZZERIA MIA FORTUNA,"Otoška cesta 5, 8000 Novo mesto",NOVO MESTO,5,3.07,DA,NE,NE,NE,NE
PIZZERIA OLIVA,"Dečkova cesta 41, 3000 Celje",CELJE,3,2.9,DA,DA,NE,DA,NE
PIZZERIA OLIVA - DOSTAVA,"Dečkova cesta 41, 3000 Celje",CELJE,3,3.9,DA,NE,DA,DA,NE
PIZZERIA OSMICA,"Nazorjeva ulica 8, 1000 Ljubljana",LJUBLJANA,5,2.9,DA,NE,NE,DA,NE
PIZZERIA PARMA,"Trg republike 2, 1000 Ljubljana",LJUBLJANA,4,3.3,NE,NE,NE,NE,NE
PIZZERIA PRONTO,"Koroška cesta 60, 2000 Maribor",MARIBOR,3,2.2,DA,DA,NE,DA,NE
PIZZERIA PRONTO - DOSTAVA,"Koroška cesta 60, 2000 Maribor",MARIBOR,4,2.5,DA,NE,DA,DA,NE
PIZZERIA ŠESTINKA,"Miklošičeva cesta 22, 1000 Ljubljana",LJUBLJANA,5,0.0,NE,NE,NE,DA,NE
PIZZERIA TOTALKA,"Kandijska cesta 60, 8000 Novo mesto",NOVO MESTO,4,3.0,NE,DA,NE,DA,NE
PIZZERIA TOTTAPIZZA,"Puhova ulica 1, 2000 Maribor",MARIBOR,4,3.0,NE,NE,NE,NE,NE
PIZZERIA TUNNEL,"Karlovška cesta 5, 1000 Ljubljana",LJUBLJANA,4,3.9,DA,DA,NE,NE,NE
PIZZERIA VILA RAINERI,"Tomažičeva ulica 10, 6310 Izola/Isola",IZOLA/ISOLA,5,3.17,DA,DA,NE,NE,NE
PIZZERIJA AŠIČ,"Pečarjeva 1, 1410 Zagorje ob Savi",ZAGORJE OB SAVI,3,3.37,DA,DA,NE,NE,NE
PIZZERIJA AŠIČ - DOSTAVA,"Pečarjeva ulica 1, 1410 Zagorje ob Savi",ZAGORJE OB SAVI,5,3.87,DA,NE,DA,NE,NE
PIZZERIJA ATRIJ,"Čevljarska 8, 6000 Koper/Capodistria",KOPER/CAPODISTRIA,4,3.17,DA,DA,NE,NE,NE
PIZZERIJA DIMNIK,"Obrtniška cesta 1, 1420 Trbovlje",TRBOVLJE,5,3.37,DA,DA,NE,DA,NE
PIZZERIJA DIMNIK - DOSTAVA,"Obrtniška cesta 1, 1420 Trbovlje",TRBOVLJE,5,3.87,DA,NE,DA,DA,NE
PIZZERIJA ETNA - ITALIJANSKA KUHINJA,"Ulica Marije Hvaličeve 6, 1000 Ljubljana",LJUBLJANA,4,4.37,DA,DA,NE,NE,NE
PIZZERIJA GORENC,"Koroška cesta 59, 4000 Kranj",KRANJ,4,2.77,NE,DA,NE,NE,NE
PIZZERIJA IN OKREPČEVALNICA KONDOR,"Cesta v Mestni log 55, 1000 Ljubljana",LJUBLJANA,4,3.37,DA,NE,NE,NE,NE
PIZZERIJA PIRAMIDA,"Vojkova 71, 1000 Ljubljana",LJUBLJANA,5,2.87,DA,DA,NE,NE,NE
PIZZERIJA VELUN,"Šalek 24 a, 3320 Velenje",VELENJE,4,3.9,NE,DA,NE,NE,NE
PIZZERIJA VERDI,"Dravska ulica 8, 2000 Maribor",MARIBOR,4,1.37,NE,DA,NE,DA,NE
PIZZERIJA VIVALDI,"Borštnikova ulica 33a, 2000 Maribor",MARIBOR,5,3.0,NE,DA,NE,NE,NE
PIZZERIJA VIVALDI - DOSTAVA,"Borštnikova ulica 33a, 2000 Maribor",MARIBOR,5,4.0,NE,NE,DA,NE,NE
POBREŠKI HRAM - DOSTAVA,"Osojnikova 20a, 2000 Maribor",MARIBOR,3,4.3,DA,NE,DA,DA,NE
PODMORNICA,"Kardeljeva ploščad 17, 1000 Ljubljana",LJUBLJANA,4,2.6,DA,DA,NE,NE,NE
POMORŠČAK,"Pot pomorščakov 4, 6320 Portorož/Portorose",PORTOROŽ/PORTOROSE,0,1.9,NE,NE,NE,NE,DA
PORTOFINO,"Tržaška cesta 65, 2000 Maribor",MARIBOR,0,3.0,DA,NE,NE,NE,DA
PORTOFINO - DOSTAVA,"Tržaška cesta 65, 2000 Maribor",MARIBOR,5,4.0,DA,NE,DA,NE,DA
PRAVNA FAKULTETA,"Poljanski nasip 2, 1000 Ljubljana",LJUBLJANA,4,2.57,DA,NE,NE,NE,NE
PREHRANA PALAČA SMELT,"Dunajska 160, 1000 Ljubljana",LJUBLJANA,0,3.47,DA,DA,NE,NE,NE
PRIMAVERA IZOLA,"Prešernova cesta 55, 6310 Izola/Isola",IZOLA/ISOLA,4,4.37,DA,NE,NE,NE,NE
PRIMAVERA IZOLA-DOSTAVA,"Prešernova cesta 55 , 6310 Izola/Isola",IZOLA/ISOLA,0,4.37,DA,NE,DA,DA,NE
PROMETNA ŠOLA MARIBOR,"Preradovičeva ulica 33, 2000 Maribor",MARIBOR,0,2.0,DA,NE,NE,NE,NE
PUCCINI ŠPAGETERIJA IN PIZZERIJA,"Šmartinska cesta 152, 1000 Ljubljana",LJUBLJANA,3,4.17,DA,NE,NE,NE,NE
Q SLOVENSKA,"Slovenska 9, 2000 Maribor",MARIBOR,4,3.77,DA,DA,NE,DA,NE
Q TABOR,"Gorkega ulica 45, 2000 Maribor",MARIBOR,4,3.77,DA,NE,NE,NE,NE
R&B - ROASTERY & BACERY,"Slovenska cesta 47, 1000 Ljubljana",LJUBLJANA,0,1.57,DA,DA,NE,NE,NE
"RESTAVRACIJA  ""BAŠČARŠIJA""","Poštna ulica 8, 2000 Maribor",MARIBOR,4,2.77,DA,DA,NE,DA,NE
"RESTAVRACIJA ""BERI 2""","Tržaška cesta 65, 1000 Ljubljana",LJUBLJANA,4,0.6,NE,NE,NE,DA,NE
RESTAVRACIJA 123 DELO,"Dunajska 5, 1000 Ljubljana",LJUBLJANA,0,3.0,DA,NE,NE,NE,NE
RESTAVRACIJA 123 DSU,"Litostrojska 54, 1000 Ljubljana",LJUBLJANA,0,3.0,DA,NE,NE,NE,NE
RESTAVRACIJA 123 FRI IN FKKT,"Večna pot 113, 1000 Ljubljana",LJUBLJANA,4,1.86,DA,DA,NE,NE,NE
RESTAVRACIJA 123 MC LJUBJANA,"Cesta Ljubljanske brigade 33, 1000 Ljubljana",LJUBLJANA,5,3.0,DA,NE,NE,NE,NE
RESTAVRACIJA 123 MC MARIBOR,"Ulica Eve Lovše 1, 2000 Maribor",MARIBOR,5,3.0,DA,NE,NE,NE,NE
RESTAVRACIJA 123 MC NOVA GORICA,"Industrijska cesta 6, 5000 Nova Gorica",NOVA GORICA,0,3.0,DA,NE,NE,NE,NE
RESTAVRACIJA 123 MEGA CENTER 2,"Verovškova ulica 55a, 1000 Ljubljana",LJUBLJANA,0,3.0,DA,NE,NE,NE,NE
RESTAVRACIJA 123 MERCATOR DUNAJSKA,"Dunajska cesta 107, 1000 Ljubljana",LJUBLJANA,3,3.0,DA,NE,NE,NE,NE
RESTAVRACIJA 123 PEDAGOŠKA,"Kardeljeva ploščad 16, 1000 Ljubljana",LJUBLJANA,5,2.3,DA,NE,NE,NE,NE
RESTAVRACIJA 123 PRISTAN,"Vojkovo nabrežje 32, 6000 Koper/Capodistria",KOPER/CAPODISTRIA,0,3.0,DA,NE,NE,NE,NE
RESTAVRACIJA 2000,"Trg republike 1, 1000 Ljubljana",LJUBLJANA,4,2.97,DA,DA,NE,NE,NE
RESTAVRACIJA ALLEGRIA,"Nazorjeva ulica 8, 1000 Ljubljana",LJUBLJANA,4,4.3,DA,DA,NE,NE,NE
RESTAVRACIJA ANCORA,"Jurčičeva ulica 7, 2000 Maribor",MARIBOR,4,3.47,DA,NE,NE,NE,NE
RESTAVRACIJA BAR AMFORA,"Osojnikova 12, 2250 Ptuj",PTUJ,5,2.7,DA,DA,NE,NE,NE
RESTAVRACIJA BREJK,"Dunajska cesta 22, 1000 Ljubljana",LJUBLJANA,5,3.8,DA,DA,NE,NE,NE
RESTAVRACIJA BURGER KING,"Šmartinska cesta 152g, 1000 Ljubljana",LJUBLJANA,4,1.37,NE,NE,NE,NE,NE
RESTAVRACIJA CITY,"Trg Matije Gubca 3, 8270 Krško",KRŠKO,0,3.77,DA,DA,NE,DA,NE
RESTAVRACIJA FANY & MARY,"Petkovškovo nabrežje 19, 1000 Ljubljana",LJUBLJANA,5,4.17,DA,DA,NE,DA,NE
RESTAVRACIJA FRESCO,"Slovenska cesta 51, 1000 Ljubljana",LJUBLJANA,4,3.7,DA,DA,NE,NE,NE
RESTAVRACIJA FRIDA'S MEXICO,"Gorenjska cesta 38, 4202 Naklo",NAKLO,0,3.37,DA,DA,NE,NE,NE
RESTAVRACIJA GIG,"Mala ulica 5, 1000 Ljubljana",LJUBLJANA,4,2.6,DA,DA,NE,NE,NE
RESTAVRACIJA GLAŽUTA,"Dunajska 119, 1000 Ljubljana",LJUBLJANA,0,4.17,DA,DA,NE,NE,NE
RESTAVRACIJA IN KAVA BAR PARADIŽ,"Podutiška cesta 30, 1000 Ljubljana",LJUBLJANA,0,3.07,DA,DA,NE,NE,NE
RESTAVRACIJA IN KAVARNA FOODIE,"Kersnikova 6, 1000 Ljubljana",LJUBLJANA,5,1.99,DA,DA,NE,NE,DA
RESTAVRACIJA IN PIVNICA ZVEZDA,"Trg zmage 8, 9000 Murska Sobota",MURSKA SOBOTA,0,2.47,DA,NE,NE,NE,NE
RESTAVRACIJA IN PIZZERIJA PEPERONČINO,"Ankaranska cesta 2, 6000 Koper/Capodistria",KOPER/CAPODISTRIA,3,3.3,DA,NE,NE,NE,NE
RESTAVRACIJA INTERSPAR CELJE,"Mariborska 100, 3000 Celje",CELJE,4,2.99,DA,NE,NE,NE,NE
RESTAVRACIJA INTERSPAR CITYPARK,"Šmartinska 152g, 1000 Ljubljana",LJUBLJANA,5,2.99,DA,NE,NE,NE,NE
RESTAVRACIJA INTERSPAR KOPER,"Ankaranska cesta 3A, 6000 Koper/Capodistria",KOPER/CAPODISTRIA,5,2.99,DA,DA,NE,NE,NE
RESTAVRACIJA INTERSPAR KRANJ,"Cesta 1.maja 77, 4000 Kranj",KRANJ,3,2.99,DA,NE,NE,NE,NE
RESTAVRACIJA INTERSPAR MARIBOR EUROPARK,"Pobreška 18, 2000 Maribor",MARIBOR,5,2.99,DA,NE,NE,NE,NE
RESTAVRACIJA INTERSPAR MARIBOR QLANDIA,"Cesta Proletarskih brigad 100, 2000 Maribor",MARIBOR,4,2.99,DA,NE,NE,NE,NE
RESTAVRACIJA INTERSPAR MURSKA SOBOTA,"Nemčavci 1d, 9000 Murska Sobota",MURSKA SOBOTA,1,2.99,DA,NE,NE,NE,NE
RESTAVRACIJA INTERSPAR NOVA GORICA,"Cesta 25. junija 1a, 5000 Nova Gorica",NOVA GORICA,5,2.99,DA,DA,NE,NE,NE
RESTAVRACIJA INTERSPAR VIČ,"Jamova 105, 1000 Ljubljana",LJUBLJANA,5,2.99,DA,NE,NE,NE,NE
RESTAVRACIJA KAVARNA PIZZERIA HOMBRE,"Gerbičeva ulica 61, 1000 Ljubljana",LJUBLJANA,4,3.7,DA,DA,NE,DA,NE
RESTAVRACIJA KAZINA,"Cesta železarjev 9, 4270 Jesenice",JESENICE,0,4.0,DA,NE,NE,NE,NE
RESTAVRACIJA KAZINA - DOSTAVA,"Cesta železarjev 9, 4270 Jesenice",JESENICE,0,4.0,DA,NE,DA,NE,NE
RESTAVRACIJA KITAJSKA PALAČA,"Focheva ulica 41, 2000 Maribor",MARIBOR,4,2.4,DA,DA,NE,DA,NE
RESTAVRACIJA KITAJSKA ZVEZDA,"Litijska 28, 1000 Ljubljana",LJUBLJANA,4,3.3,DA,DA,NE,DA,NE
RESTAVRACIJA KITAJSKI VRT,"Dravska cesta 7 , 2250 Ptuj",PTUJ,5,2.87,DA,NE,NE,NE,NE
RESTAVRACIJA KLUB CANKARJEVEGA DOMA,"Prešernova cesta 10, 1000 Ljubljana",LJUBLJANA,4,3.57,DA,NE,NE,NE,NE
RESTAVRACIJA KOLODVORSKA,"Cesta talcev 37a, 3320 Velenje",VELENJE,0,3.37,DA,NE,NE,NE,NE
RESTAVRACIJA KOMPLIMENT,"Kidričeva cesta 75, 4220 Škofja Loka",ŠKOFJA LOKA,0,3.0,DA,NE,NE,NE,NE
RESTAVRACIJA KOTNIKOVA,"Kotnikova 28, 1000 Ljubljana",LJUBLJANA,0,2.5,DA,DA,NE,NE,DA
RESTAVRACIJA MANGO,"Turnerjeva ulica 17, 2000 Maribor",MARIBOR,5,3.4,DA,DA,NE,DA,NE
RESTAVRACIJA MCDONALDS - CITYCENTER,"Mariborska cesta 100, 3000 Celje",CELJE,4,2.07,DA,DA,NE,DA,NE
RESTAVRACIJA MCDONALDS - PTUJ,"Ormoška cesta 3, 2250 Ptuj",PTUJ,5,2.07,DA,NE,NE,NE,NE
RESTAVRACIJA MCDONALD'S ČOPOVA,"Čopova 14, 1000 Ljubljana",LJUBLJANA,4,2.07,NE,NE,NE,DA,NE
RESTAVRACIJA MCDONALD'S KOLOSEJ,"Šmartinska 152, 1000 Ljubljana",LJUBLJANA,4,2.07,NE,NE,NE,NE,NE
RESTAVRACIJA MCDONALD'S NOVO MESTO,"Ljubljanska 24, 8000 Novo mesto",NOVO MESTO,4,2.07,NE,NE,NE,NE,NE
RESTAVRACIJA MCDONALD'S RUDNIK,"Premrlova ulica 12, 1000 Ljubljana",LJUBLJANA,4,2.07,NE,NE,NE,NE,NE
RESTAVRACIJA MCDONALD'S -ŽELEZNIŠKA,"Trg osvobodilne fronte 6, 1000 Ljubljana",LJUBLJANA,4,2.07,NE,NE,NE,NE,NE
RESTAVRACIJA MCDONALD'S ŽITO,"Šmartinska 154, 1000 Ljubljana",LJUBLJANA,4,2.07,NE,NE,NE,NE,NE
RESTAVRACIJA MODRI KVADRAT,"Davčna ulica 1, 1000 Ljubljana",LJUBLJANA,0,3.37,DA,NE,NE,NE,NE
RESTAVRACIJA MOZART,"Stegne 7, 1000 Ljubljana",LJUBLJANA,0,3.37,DA,DA,NE,NE,NE
RESTAVRACIJA MR. FALAFEL,"Gosposka ulica 30, 2000 Maribor",MARIBOR,4,3.5,DA,DA,NE,DA,NE
RESTAVRACIJA NA KLANCU,"Stari trg 251, 2380 Slovenj Gradec",SLOVENJ GRADEC,5,2.87,DA,NE,NE,DA,NE
RESTAVRACIJA ORIENT,"Taborska ulica 12, 2000 Maribor",MARIBOR,4,2.9,DA,NE,NE,DA,NE
RESTAVRACIJA PIANO,"Koroška cesta 160, 2000 Maribor",MARIBOR,5,2.96,DA,NE,NE,NE,NE
RESTAVRACIJA PIZZERIA SAN MARTINO,"Šmartinska cesta 152, 1000 Ljubljana",LJUBLJANA,5,3.27,DA,NE,NE,NE,NE
RESTAVRACIJA PLEČNIKOV HRAM,"Trg francoske revolucije 2, 1000 Ljubljana",LJUBLJANA,4,3.27,DA,DA,NE,DA,NE
"RESTAVRACIJA PRESTIGE CATERING, GZS","Dimičeva ulica 13, 1000 Ljubljana",LJUBLJANA,0,2.97,DA,DA,NE,NE,NE
RESTAVRACIJA PRI STAREM MOSTU (HOTEL LENT),"Dravska ulica 9, 2000 Maribor",MARIBOR,4,3.37,DA,DA,NE,NE,NE
RESTAVRACIJA RDEČE JABOLKO,"Tržaška 116, 1000 Ljubljana",LJUBLJANA,4,3.2,DA,DA,NE,DA,NE
RESTAVRACIJA RODIŠKA KUH'NA,"Groblje 3, 1230 Domžale",DOMŽALE,0,2.97,DA,NE,NE,NE,NE
RESTAVRACIJA SARAJEVSKIH JEDI VALTER - ŠKOFJA LOKA,"Kidričeva cesta 8c, 4220 Škofja Loka",ŠKOFJA LOKA,4,2.3,DA,NE,NE,DA,NE
RESTAVRACIJA SARAJEVSKIH JEDI VALTER JESENICE,"Cesta Maršala Tita 106, 4270 Jesenice",JESENICE,0,2.3,DA,NE,NE,NE,NE
RESTAVRACIJA SARAJEVSKIH JEDI VALTER KRANJ,"Cesta 1.maja 1a, 4000 Kranj",KRANJ,5,2.3,DA,NE,NE,DA,NE
RESTAVRACIJA SARAJEVSKIH JEDI VALTER LJUBLJANA,"Šmartinska cesta 3, 1000 Ljubljana",LJUBLJANA,4,2.3,DA,DA,NE,DA,NE
RESTAVRACIJA SARAJEVSKIJ JEDI VALTER RADOVLJICA,"Cankarjeva 66, 4240 Radovljica",RADOVLJICA,0,2.3,DA,NE,NE,DA,NE
RESTAVRACIJA SHAOLIN,"Hacquetova 5, 1000 Ljubljana",LJUBLJANA,4,3.0,DA,NE,NE,DA,NE
RESTAVRACIJA SKRITI KOT,"Ajdovščina 4, 1000 Ljubljana",LJUBLJANA,5,3.7,DA,DA,NE,NE,NE
RESTAVRACIJA SLOREST VIČAVA,"Vičava 1, 2250 Ptuj",PTUJ,0,1.5,DA,NE,NE,NE,DA
RESTAVRACIJA SPLOŠNE BOLNIŠNICE NOVO MESTO,"Šmihelska cesta 1, 8000 Novo mesto",NOVO MESTO,0,3.17,DA,NE,NE,NE,NE
RESTAVRACIJA ŠEF LA,"Vojkova 58, 1000 Ljubljana",LJUBLJANA,3,2.5,DA,NE,NE,NE,NE
RESTAVRACIJA ŠEF LA - DOSTAVA,"Vojkova 58, 1000 Ljubljana",LJUBLJANA,0,4.0,DA,NE,DA,NE,NE
RESTAVRACIJA ŠOLSKI CENTER AŠKERČEVA,"Aškerčeva 1, 1000 Ljubljana",LJUBLJANA,0,2.0,DA,DA,NE,NE,NE
"RESTAVRACIJA TARTUF ""CENTER""","Mali trg 3a, 1000 Ljubljana",LJUBLJANA,4,3.7,DA,DA,NE,NE,DA
RESTAVRACIJA TOMI,"Iztokova ulica 22, 2000 Maribor",MARIBOR,5,2.97,DA,NE,NE,NE,NE
RESTAVRACIJA TUŠ CELJE (PLANET TUŠ),"Mariborska cesta 128, 3000 Celje",CELJE,5,2.37,DA,NE,NE,NE,NE
RESTAVRACIJA TUŠ KRANJ,"Cesta Jake Platiše 18, 4000 Kranj",KRANJ,5,2.37,DA,NE,NE,NE,NE
RESTAVRACIJA ZLATA SREČA,"Metelkova ulica 29, 2000 Maribor",MARIBOR,0,2.5,DA,NE,NE,NE,NE
"RESTAVRACIJA,PICERIJA, ŠPAGETERIJA ADRENALINA","Pesje 30, 8270 Krško",KRŠKO,0,3.7,DA,NE,NE,DA,NE
"RESTAVRACIJA,PICERIJA, ŠPAGETERIJA ADRENALINA - DOSTAVA","Pesje 30, 8270 Krško",KRŠKO,0,4.0,DA,NE,DA,NE,NE
RESTORANTE BELLA ITALIA,"Koroška cesta 1, 2000 Maribor",MARIBOR,3,3.5,NE,NE,NE,NE,NE
ROŠTILJ,"Čopova 12, 1000 Ljubljana",LJUBLJANA,4,2.57,DA,NE,NE,DA,NE
ROZA SLON,"Trg OF 14, 1000 Ljubljana",LJUBLJANA,4,2.9,NE,DA,NE,DA,NE
ROZA SLON BEŽIGRAD,"Dunajska 115, 1000 Ljubljana",LJUBLJANA,5,2.9,NE,DA,NE,NE,DA
RUNNING SUSHI & WOK,"Jurčkova cesta 223, 1000 Ljubljana",LJUBLJANA,0,3.87,DA,NE,NE,NE,NE
SALAMON - DOSTAVA,"Dolenjska cesta 103, 1000 Ljubljana",LJUBLJANA,4,3.87,DA,NE,DA,DA,NE
SAMOPOSTREŽNA RESTAVRACIJA DOBRA HIŠA,"Stegne 11a, 1000 Ljubljana",LJUBLJANA,0,3.87,DA,NE,NE,NE,NE
SKUHNA - SVETOVNA KUHINJA PO SLOVENSKO,"Trubarjeva 56, 1000 Ljubljana",LJUBLJANA,5,3.37,DA,NE,NE,NE,NE
SLAŠČIČARNA IN KAVARNA LEONARD,"Trg mladinskih delovnih brigad 12, 1000 Ljubljana",LJUBLJANA,4,0.0,NE,DA,NE,DA,NE
"SLAŠČIČARNA IN OKREPČEVALNICA ""JAGODA""","Celovška cesta 75, 1000 Ljubljana",LJUBLJANA,0,1.57,DA,NE,NE,NE,NE
SLAŠČIČARNA IN PICERIJA AJDOVŠČINA,"Goriška cesta 11, 5270 Ajdovščina",AJDOVŠČINA,0,3.37,NE,DA,NE,DA,NE
SLAŠČIČARNA IN PICERIJA AJDOVŠČINA - HALO ERIK-DOSTAVA,"Goriška cesta 11, 5270 Ajdovščina",AJDOVŠČINA,0,3.37,DA,NE,DA,DA,NE
SPLOŠNA BOLNIŠNICA IZOLA,"Polje 40, 6310 Izola/Isola",IZOLA/ISOLA,5,2.37,DA,NE,NE,NE,NE
SREDNJA GOZDARSKA IN LESARSKA ŠOLA POSTOJNA,"Tržaška cesta 36, 6230 Postojna",POSTOJNA,0,1.97,NE,NE,NE,NE,NE
SREDNJA ŠOLA IZOLA - SCUOLA MEDIA ISOLA,"Prekomorskih brigad 7, 6310 Izola/Isola",IZOLA/ISOLA,0,2.0,DA,NE,NE,NE,NE
STARA KRŠKA PIZZERIJA,"Cesta krških žrtev 59, 8270 Krško",KRŠKO,5,3.37,DA,NE,NE,NE,NE
STARA KRŠKA PIZZERIJA - DOSTAVA,"Cesta krških žrtev 59, 8270 Krško",KRŠKO,0,3.57,DA,NE,DA,DA,NE
SUBWAY,"Dunajska cesta 115a, 1000 Ljubljana",LJUBLJANA,4,1.37,DA,DA,NE,DA,NE
SUBWAY,"Slovenska cesta 1, 1000 Ljubljana",LJUBLJANA,4,1.37,DA,DA,NE,DA,NE
ŠEHEREZADA,"Trubarjeva cesta 31, 1000 Ljubljana",LJUBLJANA,5,1.37,NE,NE,NE,DA,NE
ŠOLSKI CENTER ŠENTJUR,"Cesta na Kmetijsko šolo 9, 3230 Šentjur",ŠENTJUR,0,0.87,DA,NE,NE,NE,NE
ŠTUDENTSKI DOM LJUBLJANA - RESTAVRACIJA,"Svetčeva ulica 9, 1000 Ljubljana",LJUBLJANA,4,2.6,DA,DA,NE,NE,NE
TAJ MAHAL,"Poljanska 14, 1000 Ljubljana",LJUBLJANA,5,4.0,DA,DA,NE,DA,NE
TAJ MAHAL - DOSTAVA,"Poljanska 14, 1000 Ljubljana",LJUBLJANA,4,4.0,DA,NE,DA,DA,NE
TAJSKA RESTAVRACIJA BANGKOK STREET,"Šmartinska 152g, 1000 Ljubljana",LJUBLJANA,4,3.67,DA,NE,NE,NE,NE
TAKOS DOS,"Pobreška cesta 18, 2000 Maribor",MARIBOR,4,3.0,DA,NE,NE,NE,NE
TAKOS LENT,"Mesarski prehod 3, 2000 Maribor",MARIBOR,4,3.0,DA,NE,NE,DA,NE
TANDOORI CAFE,"Ilirska ulica 8, 1000 Ljubljana",LJUBLJANA,4,3.3,DA,DA,NE,DA,NE
TANDOORI CAFE - DOSTAVA,"Ilirska ulica 8, 1000 Ljubljana",LJUBLJANA,4,3.7,DA,NE,DA,DA,NE
TASTY SNACKS,"Cafova ulica 4, 2000 Maribor",MARIBOR,4,0.0,DA,NE,NE,NE,NE
"TAVERNA HUBER, RESTAVRACIJA IN SLASČIČARNA","Cankarjeva ulica 56, 9000 Murska Sobota",MURSKA SOBOTA,0,2.97,NE,DA,NE,NE,NE
TAVERNA SICILIA,"Ulica Heroja Nandeta 31, 2000 Maribor",MARIBOR,4,3.57,DA,DA,NE,DA,NE
TAVERNA SICILIA - DOSTAVA,"Ulica Heroja Nandeta 31, 2000 Maribor",MARIBOR,5,3.57,DA,NE,DA,DA,NE
THE WOK,"Čopova 4, 1000 Ljubljana",LJUBLJANA,4,2.57,DA,NE,NE,DA,NE
TRATTORIA PADRINO,"Žitna ulica 12, 2000 Maribor",MARIBOR,4,3.0,NE,DA,NE,DA,NE
TRNOVSKI ZVON,"Eipprova 17, 1000 Ljubljana",LJUBLJANA,2,3.87,DA,NE,NE,DA,NE
TUŠ RESTAVRACIJA MARIBOR STUDENCI (PLANET TUŠ),"Na Poljanah 18, 2000 Maribor",MARIBOR,4,2.37,DA,NE,NE,NE,NE
UFO,"Svetčeva ulica 14, 1000 Ljubljana",LJUBLJANA,4,2.98,DA,DA,NE,DA,NE
UN MOMENTO-PIZZA TIME,"Pobreška cesta 18, 2000 Maribor",MARIBOR,4,0.6,NE,NE,NE,NE,NE
"UTRIP - BAR, BISTRO IN KAVARNA","Šmartinska cesta 3, 1000 Ljubljana",LJUBLJANA,0,4.37,DA,NE,NE,NE,NE
V PARKU,"Rimska cesta 13, 1000 Ljubljana",LJUBLJANA,4,0.0,DA,NE,NE,DA,NE
VEGETARIJANSKA OKREPČEVALNICA HOLYFOOD,"Igriška 5, 1000 Ljubljana",LJUBLJANA,4,0.0,NE,DA,NE,NE,NE
VEGETARIJANSKA RESTAVRACIJA RADHA GOVINDA,"Žibretova 23, 1000 Ljubljana",LJUBLJANA,4,3.2,DA,NE,NE,NE,NE
VIVO D125,"Dunajska cesta 125, 1000 Ljubljana",LJUBLJANA,4,3.87,DA,DA,NE,NE,NE
VODNIKOV HRAM,"Vodnikov trg 2, 1000 Ljubljana",LJUBLJANA,3,4.37,DA,DA,NE,DA,NE
VOLTA,"Tržaška cesta 18, 1000 Ljubljana",LJUBLJANA,4,2.9,DA,DA,NE,NE,NE
VOZI MIŠKO (MC ŠIŠKA),"Cesta Ljubljanske brigade 33, 1000 Ljubljana",LJUBLJANA,5,3.87,DA,NE,NE,NE,NE
VOZI MIŠKO (SUPERNOVA RUDNIK),"Jurčkova cesta 223, 1000 Ljubljana",LJUBLJANA,5,3.87,DA,NE,NE,NE,NE
WOK MIX OKREPČEVALNICA,"Vetrinjska ulica 15, 2000 Maribor",MARIBOR,5,2.7,DA,DA,NE,NE,NE
ZLATI KROŽNIK,"Ljubljanska cesta 89, 1230 Domžale",DOMŽALE,5,3.5,DA,DA,NE,DA,NE
ZLATI KROŽNIK - DOSTAVA,"Ljubljanska cesta 89, 1230 Domžale",DOMŽALE,5,4.0,DA,NE,DA,DA,NE
ŽITO LJUBLANA ŽELEZNIŠKA (KOLODVOR),"Trg OF 7, 1000 Ljubljana",LJUBLJANA,5,0.6,NE,NE,NE,DA,NE
ŽITO LJUBLJANA BAVARSKI DVOR,"Slovenska cesta 58, 1000 Ljubljana",LJUBLJANA,4,0.6,NE,NE,NE,DA,NE
ŽITO LJUBLJANA VODNIK,"Vodnikov trg 5, 1000 Ljubljana",LJUBLJANA,4,0.6,NE,NE,NE,DA,NE
ŽITO TRŽNICA KOPER,"Pristaniška ulica 2, 6000 Koper/Capodistria",KOPER/CAPODISTRIA,2,0.6,DA,DA,NE,DA,NE
