ime,kraj,doplacilo,vegetarijansko,dostava,dostop_za_invalide,odprto_ob_vikendih,nov_lokal
"""SOLE"" OKREPČEVALNICA, PIZZERIJA, SLAŠČIČARNA IN CATERING",LJUBLJANA,2.87,,,service-3,service-20,
ABI FALAFEL,LJUBLJANA,3.9,service-1,,service-3,service-20,
AGA KEBAPČI,LJUBLJANA,1.0,,,service-3,,
AMBIENT,LJUBLJANA,2.7,service-1,,,,
ANTARO,LJUBLJANA,3.37,service-1,,service-3,,
APAČI,SLOVENJ GRADEC,3.9,service-1,,service-3,service-20,
APAČI - DOSTAVA,SLOVENJ GRADEC,3.9,service-1,service-5,,service-20,
"AROMA, RESTAVRACIJA IN PIZZERIJA",LJUBLJANA,4.37,service-1,,,service-20,
AZIJSKA RESTAVRACIJA HAN,LJUBLJANA,3.67,service-1,,,service-20,
AZIJSKA RESTAVRACIJA TLOFT,LJUBLJANA,3.17,service-1,,,service-20,
B2 RESTAVRACIJA,LJUBLJANA,4.37,service-1,,service-3,,
B2 RESTAVRACIJA-DOSTAVA,LJUBLJANA,4.37,service-1,service-5,,,
BABICA,LJUBLJANA,4.0,service-1,,service-3,service-20,
BACK WERK,LJUBLJANA,1.87,service-1,,service-3,,
BALKAN EXPRESS,LJUBLJANA,3.67,service-1,,,,
BAR ENKA,LJUBLJANA,1.0,service-1,,service-3,,
BARBADO,LJUBLJANA,3.4,service-1,,service-3,,
"BIOTEHNIŠKA FAKULTETA, MENZA BF",LJUBLJANA,2.57,service-1,,,,
BIOTEHNIŠKI IZOBRAŽEVALNI CENTER LJUBLJANA,LJUBLJANA,2.67,service-1,,,,
BIOTEHNIŠKI IZOBRAŽEVALNI CENTER LJUBLJANA,LJUBLJANA,2.67,service-1,,,,
BISTRO ARTY+,MARIBOR,3.97,service-1,,,,
BISTRO ŠUMI,LJUBLJANA,3.0,service-1,,service-3,,
BISTRO TANJA- DOSTAVA,MURSKA SOBOTA,3.37,service-1,service-5,,service-20,
BISTRO VILLADOMUS,KOPER/CAPODISTRIA,3.1,service-1,,service-3,,
BOHOR,ROGAŠKA SLATINA,4.0,service-1,,service-3,service-20,
BON CAFE LUCIJA,PORTOROŽ/PORTOROSE,3.37,service-1,,service-3,service-20,
BOWLING CENTER STRIKE,MARIBOR,2.87,service-1,,,,
BRATJE EREN TAHIRI,LJUBLJANA,2.37,service-1,,service-3,service-20,
BRUC BAR,MARIBOR,1.5,,,service-3,,
BUF KRANJ,KRANJ,3.57,,,service-3,,
BURGERMAISTER,MARIBOR,2.98,service-1,,,service-20,
CANTANTE CAFE TABOR,MARIBOR,3.07,service-1,,,service-20,
CANTANTE CAFE TABOR - DOSTAVA,MARIBOR,3.57,service-1,service-5,,service-20,
CANTINA MEXICANA KNAFELJ,LJUBLJANA,4.37,service-1,,service-3,,
CANTINA MEXICANA RUDNIK,LJUBLJANA,3.77,service-1,,service-3,,
CENTRALNA POSTAJA,LJUBLJANA,2.37,,,,service-20,
CITY GRILL,MARIBOR,2.3,,,service-3,service-20,
CITY GRILL - DOSTAVA,MARIBOR,2.5,,service-5,,service-20,
CITY PIZZA EXPRESS - DOSTAVA,KOPER/CAPODISTRIA,4.3,service-1,service-5,,,
CITYBURGER,KOPER/CAPODISTRIA,3.9,service-1,,service-3,,
CUTTY FOOD CORNER,LJUBLJANA,1.47,,,service-3,service-20,
ČEVABDŽINICA SARAJEVO 84,KOPER/CAPODISTRIA,3.87,service-1,,service-3,service-20,
ČEVABDŽINICA SARAJEVO 84,KOPER/CAPODISTRIA,3.87,service-1,,service-3,service-20,
ČEVABDŽINICA SARAJEVO 84 - DOSTAVA,KOPER/CAPODISTRIA,4.07,service-1,service-5,,service-20,
"DA BU DA, AZIJSKA RESTAVRACIJA",LJUBLJANA,4.37,service-1,,,,
DIFOOD-EAT GOOD,LJUBLJANA,1.7,,,service-3,,
DIJAŠKI DOM IVANA CANKARJA,LJUBLJANA,2.4,service-1,,,,
DIJAŠKI DOM LIZIKE JANČAR,MARIBOR,2.07,service-1,,,,
DIJAŠKI DOM MARIBOR,MARIBOR,2.37,service-1,,,,
DIJAŠKI DOM POLJANE,LJUBLJANA,2.2,service-1,,,,
DIJAŠKI DOM PORTOROŽ,PORTOROŽ/PORTOROSE,3.0,service-1,,,,
DIJAŠKI DOM TABOR,LJUBLJANA,2.4,service-1,,,,
DIJAŠKI DOM VIČ,LJUBLJANA,2.4,service-1,,service-3,,
DIJAŠKI IN ŠTUDENTSKI DOM KOPER,KOPER/CAPODISTRIA,1.9,service-1,,service-3,,
DIJAŠKI IN ŠTUDENTSKI DOM KRANJ,KRANJ,1.87,service-1,,service-3,,
DIJAŠKI IN ŠTUDENTSKI DOM NOVO MESTO,NOVO MESTO,2.5,service-1,,,,
DOBROTE VZHODA,LJUBLJANA,3.6,service-1,,,service-20,
DOMAČA PEKARNA,LJUBLJANA,0.5,,,service-3,,
DUNYA DONER,LJUBLJANA,3.3,service-1,,service-3,service-20,
EAT SMART,MARIBOR,0.0,service-1,,,,
EAT SMART FERI,MARIBOR,2.5,,,,,
EJGA - RESTAVRACIJA - KAVARNA - PUB - CATERING,JESENICE,4.37,service-1,,service-3,service-20,
EKSPERIMENT RESTAVRACIJA &amp; BAR,LJUBLJANA,4.3,service-1,,,,
EMONSKA KLET,LJUBLJANA,3.5,service-1,,,,
FAJN FUUD,LJUBLJANA,2.8,service-1,,,,
FAJN FUUD PIZZA,LJUBLJANA,0.0,service-1,,,,
"FAKULTETA ZA ELEKTROTEHNIKO, MENZA FE",LJUBLJANA,2.57,service-1,,,,
FARI&#39;S DELICE,LJUBLJANA,2.87,service-1,,,service-20,
FAST FOOD FRESCO IN SLAST,LJUBLJANA,1.5,,,service-3,service-20,
FAST FOOD MAGIC,KOPER/CAPODISTRIA,2.0,,,service-3,service-20,
FAST FOOD PUB POD SKALCO,LJUBLJANA,3.17,service-1,,service-3,,
FASTFOOD AJDA,LJUBLJANA,2.1,,,service-3,service-20,
FORUM,LJUBLJANA,4.37,service-1,,,,
FRESH 4 LIFE VETRINJSKA,MARIBOR,0.0,service-1,,service-3,,
FUŽINSKI MERAK,LJUBLJANA,2.6,service-1,,service-3,,
FUŽINSKI MERAK - DOSTAVA,LJUBLJANA,3.4,service-1,service-5,,,
"GARAČ - RESTAVRACIJA ""M""",ŠKOFJA LOKA,2.7,service-1,,service-3,,
GOSPOSVETSKA,MARIBOR,0.0,,,service-3,,
GOSTILNA ČARDA,LJUBLJANA,3.87,service-1,,service-3,,
GOSTILNA ČAS,ŽALEC,3.27,service-1,,,service-20,
GOSTILNA IN GALERIJA MAJOLKA,KAMNIK,3.8,service-1,,service-3,,
GOSTILNA IN MINI RESTAVRACIJA RAJH,MURSKA SOBOTA,3.5,,,service-3,service-20,
GOSTILNA IN PICERIJA PAVON,LJUBLJANA,4.37,service-1,,,,
GOSTILNA IN PIZZERIA KORTINA,KOPER/CAPODISTRIA,3.87,service-1,,service-3,service-20,
GOSTILNA IN PIZZERIA MAESTRO,CELJE,3.37,,,,,
GOSTILNA IN PIZZERIJA BREZA,LJUBLJANA,4.17,service-1,,service-3,service-20,
GOSTILNA JAKA,LJUBLJANA,3.37,service-1,,,service-20,
GOSTILNA JELEN,LJUBLJANA,3.5,service-1,,service-3,service-20,
GOSTILNA KERŠIČ,LJUBLJANA,3.0,service-1,,,service-20,
GOSTILNA LEČNIK,RAVNE NA KOROŠKEM,3.07,service-1,,service-3,service-20,
GOSTILNA LUŽNIK,PTUJ,2.3,service-1,,service-3,service-20,
GOSTILNA POD LIPO,LJUBLJANA,3.7,service-1,,service-3,service-20,
GOSTILNA POD ŠKALCAMI,SLOVENSKE KONJICE,1.0,,,service-3,,
GOSTILNA POD ŠKALCAMI - DOSTAVA,SLOVENSKE KONJICE,1.0,,service-5,,,
GOSTILNA PRI POŠTI,PTUJ,3.17,service-1,,service-3,,
GOSTILNA PRI VIKTORJU,KRANJ,2.87,service-1,,,service-20,
GOSTILNA RACMAN,BREŽICE,2.97,service-1,,service-3,,
GOSTILNA STARI TIŠLER,LJUBLJANA,3.87,service-1,,service-3,,
GOSTILNA ŠELIGO,TREBNJE,3.5,service-1,,service-3,service-20,
GOSTILNA ŠTORKLJA,LJUBLJANA,4.07,service-1,,,service-20,
GOSTILNA ZLATI LEV,MARIBOR,2.17,service-1,,service-3,service-20,
GOSTILNA ZLATI LEV - DOSTAVA,MARIBOR,2.57,service-1,service-5,,,
GOSTILNICA &amp; PICERIJA POBREŠKI HRAM,MARIBOR,3.7,service-1,,service-3,,
GOSTILNICA GUŠT,IZOLA/ISOLA,4.37,service-1,,service-3,,
GOSTILNICA IN PIVNICA KATRCA,LJUBLJANA,3.87,service-1,,service-3,,
GOSTILNICA IN PIZZERIJA KRATOCHWILL,LJUBLJANA,4.0,service-1,,,,
GOSTILNICA IN PIZZERIJA KRATOCHWILL,LJUBLJANA,4.0,service-1,,,,
GOSTILNICA NAMANOVA,SLOVENJ GRADEC,2.67,service-1,,,,
GOSTIŠČE KUM,ZAGORJE OB SAVI,3.17,service-1,,service-3,service-20,
GOSTIŠČE LOKA,NOVO MESTO,3.5,service-1,,service-3,,
GOSTIŠČE NA TRGU - HIŠA KULINARIKE,NOVO MESTO,2.77,service-1,,,,
GREENY EF,LJUBLJANA,1.5,service-1,,,,
GREENY FŠ,LJUBLJANA,1.5,service-1,,,,
GURMANSKI HRAM,MARIBOR,2.07,service-1,,service-3,,
GURMANSKI HRAM - DOSTAVA,MARIBOR,2.07,service-1,service-5,,,
HALO HONKONG - DOSTAVA,LJUBLJANA,4.2,service-1,service-5,,service-20,
HALO JANEZ,LJUBLJANA,3.77,service-1,,service-3,service-20,
HALO JANEZ - DOSTAVA,LJUBLJANA,3.77,service-1,service-5,,service-20,
HALO KATRA,LJUBLJANA,4.37,service-1,service-5,,,
HALO PINKI,LJUBLJANA,3.3,service-1,,,service-20,
HALO PINKI - DOSTAVA,LJUBLJANA,3.9,service-1,service-5,,service-20,
HALO RDEČE JABOLKO - DOSTAVA,LJUBLJANA,4.2,service-1,service-5,,service-20,
HALO SHAOLIN - DOSTAVA,LJUBLJANA,4.0,service-1,service-5,,service-20,
HIŠA POD GRADOM,LJUBLJANA,3.97,service-1,,,,
HITRA HRANA MARTINA KRPANA,NOVO MESTO,2.07,,,,,
HONG XIANG,LJUBLJANA,2.8,service-1,,service-3,,
HONG XIANG - DOSTAVA,LJUBLJANA,4.0,,service-5,,,
HOSTEL SITULA,NOVO MESTO,2.98,service-1,,service-3,,
HOT HORSE - BTC,LJUBLJANA,3.2,service-1,,service-3,,
HOT HORSE - TIVOLI,LJUBLJANA,3.2,service-1,,service-3,,
HOTEL CELEIA,CELJE,3.5,service-1,,service-3,,
HOTEL OPARA,TREBNJE,3.5,service-1,,,,
HOTEL PAKA,VELENJE,3.87,,,,,
HOTEL SLOVENJ GRADEC,SLOVENJ GRADEC,1.87,service-1,,,,
HOTSPOT BAR&amp;BISTRO,LJUBLJANA,3.07,service-1,,,,
HOTSPOT CENTER BAR&amp;BISTRO,LJUBLJANA,3.67,,,,,
HUANG&#180;S KITAJSKA RESTAVRACIJA,LJUBLJANA,4.17,service-1,,service-3,service-20,
ITALIJANSKA RESTAVRACIJA MIRJE,LJUBLJANA,4.37,service-1,,service-3,service-20,
JAPONSKA RESTAVRACIJA MOYSUSHI,LJUBLJANA,3.87,service-1,,,service-20,
JET BAR,LJUBLJANA,3.4,service-1,,service-3,,
JOE PENA&#39;S CANTINA Y BAR,LJUBLJANA,4.37,service-1,,,service-20,
K16,LJUBLJANA,0.0,service-1,,,,
KAMPUS PIZZA,LJUBLJANA,2.5,,,service-3,,
KANAPE,MARIBOR,0.0,service-1,,service-3,,
KAPITAL,LJUBLJANA,2.7,service-1,,,,
KARANTANIJA,KRANJ,2.4,service-1,,service-3,service-20,
KAVARNA FILOZOF,LJUBLJANA,0.0,service-1,,,,
KAVARNA IN RESTAVRACIJA NOVA GORICA,NOVA GORICA,3.87,service-1,,service-3,,
KAVARNA IN SENDVIČARNA FERI,MARIBOR,0.0,,,service-3,,
KAVARNA IN SLAŠČIČARNA CARNIOLA,KRANJ,2.27,service-1,,service-3,service-20,
KAVARNA IN SLAŠČIČARNA RENDEZ - VOUS,KRANJ,2.27,service-1,,,service-20,
KAVARNA NUK,LJUBLJANA,2.5,,,,,
KAVARNA STIL BURGER,MARIBOR,1.17,service-1,,service-3,service-20,
KAVARNA STRIT,LJUBLJANA,1.9,service-1,,,,
KITAJSKA PALAČA - DOSTAVA,MARIBOR,3.6,service-1,service-5,,service-20,
KITAJSKA RESTAVRACIJA AZIJA,MARIBOR,3.5,service-1,,service-3,,
KITAJSKA RESTAVRACIJA AZIJA,KRANJ,2.9,service-1,,,service-20,
KITAJSKA RESTAVRACIJA BELI LABOD,LJUBLJANA,3.2,service-1,,,,
KITAJSKA RESTAVRACIJA BELI LABOD - DOSTAVA,LJUBLJANA,4.0,service-1,service-5,,service-20,
KITAJSKA RESTAVRACIJA CESARSKA HIŠA,KOPER/CAPODISTRIA,3.2,service-1,,service-3,service-20,
KITAJSKA RESTAVRACIJA CHANG,KOPER/CAPODISTRIA,4.3,service-1,,service-3,,
KITAJSKA RESTAVRACIJA DVA ZMAJA,CELJE,2.97,service-1,,service-3,,
KITAJSKA RESTAVRACIJA HAN,LJUBLJANA,3.67,service-1,,,,
KITAJSKA RESTAVRACIJA KITAJSKI ZMAJ,LJUBLJANA,3.3,service-1,,,service-20,
KITAJSKA RESTAVRACIJA NANKING,NOVO MESTO,3.0,service-1,,service-3,service-20,
KITAJSKA RESTAVRACIJA NOVI ŠANGHAI,LJUBLJANA,3.0,service-1,,service-3,service-20,
KITAJSKA RESTAVRACIJA PEKING,BLED,3.27,service-1,,,service-20,
KITAJSKA RESTAVRACIJA ŠANG HAI,JESENICE,3.27,service-1,,service-3,service-20,
KITAJSKA RESTAVRACIJA ZHONGHUA,LJUBLJANA,3.2,service-1,,,,
KITAJSKA RESTAVRACIJA ZLATA SRNA,MARIBOR,2.5,service-1,,service-3,service-20,
KITAJSKA RESTAVRACIJA ZLATA SRNA - DOSTAVA,MARIBOR,3.3,service-1,service-5,,service-20,
KITAJSKA RESTAVRACIJA ZVEZDA,MARIBOR,2.2,service-1,,,service-20,
KITAJSKA RESTAVRACJA CESARSKA HIŠA-DOSTAVA,KOPER/CAPODISTRIA,4.2,service-1,service-5,,service-20,
KITAJSKI DVOR,CELJE,2.7,service-1,,service-3,,
KITAJSKI DVOR,LJUBLJANA,3.2,service-1,,,,
KITAJSKI DVOR - DOSTAVA,LJUBLJANA,3.7,service-1,service-5,,,
KITAJSKI DVOR - DOSTAVA,CELJE,3.3,service-1,service-5,,,
KITAJSKO MESTO,DOMŽALE,2.57,service-1,,service-3,service-20,
KITAJSKO MESTO - DOSTAVA,DOMŽALE,3.87,service-1,service-5,,service-20,
KLINIKA BAR,LJUBLJANA,1.3,,,service-3,service-20,
KLOPČIČ,LJUBLJANA,2.57,service-1,,,,
KLOPČIČ - DOM LITOSTROJ,LJUBLJANA,2.57,service-1,,,,
KRATOCHWILL,MURSKA SOBOTA,3.27,service-1,,,,
KURJI TAT,LJUBLJANA,3.27,service-1,,service-3,,
LA CANTINA,RADOVLJICA,3.37,,,service-3,service-20,
LA PIZZETA OKREPČEVALNICA,HOČE,2.0,service-1,,,,
LABIRINT,KOPER/CAPODISTRIA,3.1,service-1,,service-3,,
LETEČA ZVEZDA,LJUBLJANA,3.0,service-1,,,,
LIPCA - INDEKS,LJUBLJANA,0.0,service-1,,,service-20,
LONDON STREET FOOD,MARIBOR,2.97,service-1,,service-3,,
LOVING HUT,MARIBOR,3.3,service-1,,service-3,,
LOVING HUT LJUBJANA CENTER,LJUBLJANA,3.5,service-1,,,,
LUNCH BOX,MARIBOR,0.0,,,,,
MAFIJA,LJUBLJANA,0.0,service-1,,,,
MAHARAJA INDIJSKA RESTAVRACIJA,LJUBLJANA,4.37,service-1,,service-3,,
MANGO SNACKS,MARIBOR,0.0,service-1,,service-3,,
MAŠ ZA MAL&#39;CO,VELENJE,2.17,service-1,,service-3,,
MAXI RESTAVRACIJA ROMANSA 1971,LJUBLJANA,4.27,service-1,,service-3,service-20,
MC PANDA,MARIBOR,0.0,service-1,,,,
MC PATRIOT,SLOVENSKE KONJICE,1.0,,,service-3,service-20,
MCDONALD&#180;S RESTAVRACIJA - SWATY,MARIBOR,2.07,service-1,,,,
MCDONALD&#180;S RESTAVRACIJA EUROPARK,MARIBOR,2.07,service-1,,,,
MCDONALD&#180;S RESTAVRACIJA PTUJSKA,MARIBOR,2.07,service-1,,,,
MCDONALD&#180;S RESTAVRACIJA VELENJE,VELENJE,2.07,service-1,,,,
MCDONALD&#39;S MCDRIVE DOMŽALE,DOMŽALE,2.07,service-1,,,,
MCDONALD&#39;S RESTAVRACIJA - CELJE DRIVE,CELJE,2.07,,,,,
MCDONALD&#39;S RESTAVRACIJA - CELOVŠKA,LJUBLJANA,2.07,service-1,,,,
MCDONALD&#39;S RESTAVRACIJA - KRANJ DRIVE,KRANJ,2.07,service-1,,,,
MCDONALD&#39;S RESTAVRACIJA KOPER,KOPER/CAPODISTRIA,2.07,service-1,,,,
MCDONALD&#39;S RESTAVRACIJA NOVA GORICA,NOVA GORICA,2.07,service-1,,,,
ME GUSTA,MARIBOR,0.0,,,,,
MEDITERRANEO,LJUBLJANA,4.37,service-1,,,service-20,
MEHIŠKA RESTAVRACIJA CANTINA MARIA,KRANJ,2.4,service-1,,service-3,,
MEHIŠKA RESTAVRACIJA IMPERIO - DOSTAVA,LJUBLJANA,4.37,service-1,service-5,,service-20,
MEHIŠKA RESTAVRACIJA IMPERIO MEXICANO,LJUBLJANA,3.67,service-1,,,,
MENZA,LJUBLJANA,2.37,service-1,,,,
MENZA FS,LJUBLJANA,2.57,service-1,,service-3,,
META IN BAZILIKA,LJUBLJANA,3.97,service-1,,,,
MLEČNA RESTAVRACIJA,KRANJ,2.27,service-1,,,,
MLEČNA RESTAVRACIJA - DOSTAVA,KRANJ,3.27,service-1,service-5,,,
MORNARČEK RIBJA KANTINA - RESTAVRACIJA,KOPER/CAPODISTRIA,3.87,,,,service-20,
NAMASTE INDIAN EXPRESS,LJUBLJANA,3.3,service-1,,,,
NEWS CAFE,PORTOROŽ/PORTOROSE,3.5,service-1,,service-3,service-20,
NOOMM,MARIBOR,2.9,,,,,
OKREPČEVALNICA - BISTRO TANJA,MURSKA SOBOTA,2.37,service-1,,,service-20,
OKREPČEVALNICA - DINER KINO GLEDALIŠČE BEŽIGRAD,LJUBLJANA,3.1,service-1,,service-3,service-20,
OKREPČEVALNICA - PIZZERIJA MAKS,LJUBLJANA,2.97,service-1,,service-3,service-20,
"OKREPČEVALNICA ""BUREK 1""",LJUBLJANA,1.2,,,service-3,service-20,
"OKREPČEVALNICA ""BUREK""",LJUBLJANA,1.2,,,service-3,service-20,
"OKREPČEVALNICA ""RIVIERA""",LJUBLJANA,2.6,service-1,,,service-20,
OKREPČEVALNICA AJDA,LJUBLJANA,2.7,,,,,
OKREPČEVALNICA AZZURRO,LJUBLJANA,3.0,,,,service-20,
OKREPČEVALNICA BADOVINAC,LJUBLJANA,1.2,service-1,,service-3,,
OKREPČEVALNICA BOBER (PARIŠKE KOMUNE),MARIBOR,2.0,service-1,,service-3,,
OKREPČEVALNICA BOBER (PARTIZANSKA),MARIBOR,2.0,service-1,,,,
OKREPČEVALNICA ĆEVABDŽINICA MALI GAZDA,PORTOROŽ/PORTOROSE,3.6,service-1,,service-3,service-20,
OKREPČEVALNICA FRESH (PRODAJNO MESTO PETROL),TREBNJE,3.77,service-1,,service-3,,
OKREPČEVALNICA FRESH (PRODAJNO MESTO PETROL),TRZIN,3.77,service-1,,service-3,,
OKREPČEVALNICA FRESH (PRODAJNO MESTO PETROL),SEŽANA,3.77,service-1,,service-3,,
OKREPČEVALNICA HAMBURGER HILL ZAGREBŠKA,MARIBOR,1.37,,,service-3,,
OKREPČEVALNICA IZUM,MARIBOR,2.87,service-1,,,,
OKREPČEVALNICA KEMIJSKI INŠTITUT,LJUBLJANA,2.97,service-1,,,,
OKREPČEVALNICA LAGUNA,MURSKA SOBOTA,1.8,,,,,
OKREPČEVALNICA LAGUNA - DOSTAVA,MURSKA SOBOTA,1.8,,service-5,,service-20,
OKREPČEVALNICA MAJ,HOČE,2.0,service-1,,,,
OKREPČEVALNICA MINUTKA,SLOVENJ GRADEC,2.17,,,service-3,,
OKREPČEVALNICA MM PANDA,MARIBOR,2.0,,,service-3,,
OKREPČEVALNICA NOVAK,NOVO MESTO,3.37,,,service-3,,
OKREPČEVALNICA PEKARNA DOBROT,LJUBLJANA,1.0,service-1,,service-3,,
OKREPČEVALNICA PIVNICA ALF,MARIBOR,2.8,service-1,,,,
OKREPČEVALNICA PIVNICA ALF - DOSTAVA,MARIBOR,3.3,service-1,service-5,,,
OKREPČEVALNICA PODHOD,LJUBLJANA,1.2,,,service-3,service-20,
OKREPČEVALNICA PUB LEGENDE,LJUBLJANA,3.17,service-1,,service-3,service-20,
OKREPČEVALNICA RIBCA,LJUBLJANA,3.77,service-1,,service-3,,
OKREPČEVALNICA SARAJEVO,MARIBOR,2.77,service-1,,service-3,service-20,
OKREPČEVALNICA STARI GRIL,MARIBOR,2.8,service-1,,service-3,,
OKREPČEVALNICA ŠIŠ,MARIBOR,2.99,service-1,,service-3,service-20,
OKREPČEVALNICA ŠUMI,LJUBLJANA,0.0,,,service-3,,
OKREPČEVALNICA VIDA,RAVNE NA KOROŠKEM,3.37,service-1,,,,
OKREPČEVALNICA VILLA MONDE,PTUJ,2.67,,,service-3,service-20,
OKREPČEVANICA FRESH (PRODAJNO MESTO PETROL),SEŽANA,3.77,service-1,,service-3,,
OŠTARIJA PIZZERIA DA NOI,MARIBOR,2.99,,,,,
OŠTARIJA PIZZERIA DA NOI - DOSTAVA,MARIBOR,4.37,,service-5,,service-20,
OŠTARIJA PRI OLJKI,LJUBLJANA,3.27,service-1,,,,
P.E. FAKULTETA ZA GRADBENIŠTVO IN GEODEZIJO,LJUBLJANA,2.4,service-1,,service-3,,
PAPAGAYO,MARIBOR,3.0,service-1,,service-3,,
PE DIJAŠKI DOM CELJE,CELJE,2.5,,,,,
PE KAVA BAR IN OKREPČEVALNICA FANTOM,SLOVENJ GRADEC,3.17,,,,service-20,
PE MARJETICA,LJUBLJANA,2.07,service-1,,,,
PE OŠTARIJA CITY CENTER,CELJE,2.97,,,,,
PEK MATJAŽ TOMŠIČEVA,VELENJE,0.0,,,,,
PERLA,LJUBLJANA,3.37,service-1,,,,
PETROL OKREPČEVALNICA FRESH,LJUBLJANA,3.77,service-1,,,,
PETROL OKREPČEVALNICA FRESH,LJUBLJANA,3.77,service-1,,,,
PETROL OKREPČEVANICA FRESH,KOPER/CAPODISTRIA,3.77,service-1,,,,
PIAZZA DEL PAPA,LJUBLJANA,3.37,service-1,,,,
PICERIJA ALAN FORD,KOPER/CAPODISTRIA,3.07,service-1,,service-3,,
PICERIJA BARJAN,LJUBLJANA,3.5,service-1,,,,
PICERIJA BONITAS,ŽALEC,3.27,service-1,,,,
PICERIJA BONITAS - DOSTAVA,ŽALEC,4.27,,service-5,,service-20,
PICERIJA ERA,NOVO MESTO,3.17,service-1,,service-3,service-20,
PICERIJA IN RESTAVRACIJA TONAČ,KRANJ,4.0,service-1,,service-3,service-20,
PICERIJA NA PLACU,VIPAVA,4.37,service-1,,service-3,,
PICERIJA SILVESTER,KRANJ,2.37,service-1,,service-3,service-20,
PICERIJA ŠTANGELJ,NOVO MESTO,2.57,service-1,,,service-20,
PICERIJA TONAČ - DOSTAVA,KRANJ,4.0,service-1,service-5,,service-20,
PICERIJA VERONA,CELJE,2.86,service-1,,service-3,,
PICERIJA VERONA - DOSTAVA,CELJE,3.86,service-1,service-5,,,
PICESTAVRACIJA BOCCACCIO,LJUBLJANA,4.17,,,service-3,service-20,
PIVNICA ADAM RAVBAR,DOMŽALE,3.77,service-1,,service-3,,
PIVNICA EMONEC,KOPER/CAPODISTRIA,3.87,service-1,,,,
PIVOVARNA IN PIVNICA KRATOCHWILL,LJUBLJANA,4.0,service-1,,service-3,service-20,
PIZZERIA BRIKSEN,BLED,4.37,service-1,,,,
PIZZERIA CHIANTI,NOVO MESTO,3.37,,,service-3,service-20,
PIZZERIA DA NOI FAST FOOD,MARIBOR,0.6,,,,,
PIZZERIA DI ANTONIO,SLOVENJ GRADEC,2.07,,,,,
PIZZERIA DI ANTONIO - DOSTAVA,SLOVENJ GRADEC,2.67,,service-5,,,
PIZZERIA FOCULUS,LJUBLJANA,4.0,,,service-3,,
PIZZERIA FONTANA,KRŠKO,3.87,service-1,,service-3,,
PIZZERIA GALLUS,BLED,3.7,service-1,,service-3,service-20,
PIZZERIA GREGORINO,LJUBLJANA,3.8,service-1,,,,
PIZZERIA HITRI GONZALES,MARIBOR,3.9,service-1,,service-3,service-20,
PIZZERIA HITRI GONZALES - DOSTAVA,MARIBOR,4.37,service-1,service-5,,service-20,
PIZZERIA IN ŠPAGETARIJA OLIVA,LJUBLJANA,4.37,service-1,,service-3,service-20,
PIZZERIA IN ŠPAGETERIA AL CAPONE,MARIBOR,3.19,,,,,
PIZZERIA IN ŠPAGETERIJA AL CAPONE,LJUBLJANA,3.17,service-1,,,,
PIZZERIA IN ŠPAGETTERIA CUBUS,NOVO MESTO,2.9,service-1,,service-3,service-20,
PIZZERIA KUKUCA,TRBOVLJE,0.87,,,service-3,service-20,
PIZZERIA LATERNA,LJUBLJANA,3.4,service-1,,service-3,service-20,
PIZZERIA MIA FORTUNA,NOVO MESTO,3.07,service-1,,,,
PIZZERIA OLIVA,CELJE,2.9,service-1,,service-3,service-20,
PIZZERIA OLIVA - DOSTAVA,CELJE,3.9,service-1,service-5,,service-20,
PIZZERIA OSMICA,LJUBLJANA,2.9,service-1,,,service-20,
PIZZERIA PARMA,LJUBLJANA,3.3,,,,,
PIZZERIA PRONTO,MARIBOR,2.2,service-1,,service-3,service-20,
PIZZERIA PRONTO - DOSTAVA,MARIBOR,2.5,service-1,service-5,,service-20,
PIZZERIA ŠESTINKA,LJUBLJANA,0.0,,,,service-20,
PIZZERIA TOTALKA,NOVO MESTO,3.0,,,service-3,service-20,
PIZZERIA TOTTAPIZZA,MARIBOR,3.0,,,,,
PIZZERIA TUNNEL,LJUBLJANA,3.9,service-1,,service-3,,
PIZZERIA VILA RAINERI,IZOLA/ISOLA,3.17,service-1,,service-3,,
PIZZERIJA AŠIČ,ZAGORJE OB SAVI,3.37,service-1,,service-3,,
PIZZERIJA AŠIČ - DOSTAVA,ZAGORJE OB SAVI,3.87,service-1,service-5,,,
PIZZERIJA ATRIJ,KOPER/CAPODISTRIA,3.17,service-1,,service-3,,
PIZZERIJA DIMNIK,TRBOVLJE,3.37,service-1,,service-3,service-20,
PIZZERIJA DIMNIK - DOSTAVA,TRBOVLJE,3.87,service-1,service-5,,service-20,
PIZZERIJA ETNA - ITALIJANSKA KUHINJA,LJUBLJANA,4.37,service-1,,service-3,,
PIZZERIJA GORENC,KRANJ,2.77,,,service-3,,
PIZZERIJA IN OKREPČEVALNICA KONDOR,LJUBLJANA,3.37,service-1,,,,
PIZZERIJA PIRAMIDA,LJUBLJANA,2.87,service-1,,service-3,,
PIZZERIJA VELUN,VELENJE,3.9,,,service-3,,
PIZZERIJA VERDI,MARIBOR,1.37,,,service-3,service-20,
PIZZERIJA VIVALDI,MARIBOR,3.0,,,service-3,,
PIZZERIJA VIVALDI - DOSTAVA,MARIBOR,4.0,,service-5,,,
POBREŠKI HRAM - DOSTAVA,MARIBOR,4.3,service-1,service-5,,service-20,
PODMORNICA,LJUBLJANA,2.6,service-1,,service-3,,
POMORŠČAK,PORTOROŽ/PORTOROSE,1.9,,,,,
PORTOFINO,MARIBOR,3.0,service-1,,,,
PORTOFINO - DOSTAVA,MARIBOR,4.0,service-1,service-5,,,
PRAVNA FAKULTETA,LJUBLJANA,2.57,service-1,,,,
PREHRANA PALAČA SMELT,LJUBLJANA,3.47,service-1,,service-3,,
PRIMAVERA IZOLA,IZOLA/ISOLA,4.37,service-1,,,,
PRIMAVERA IZOLA-DOSTAVA,IZOLA/ISOLA,4.37,service-1,service-5,,service-20,
PROMETNA ŠOLA MARIBOR,MARIBOR,2.0,service-1,,,,
PUCCINI ŠPAGETERIJA IN PIZZERIJA,LJUBLJANA,4.17,service-1,,,,
Q SLOVENSKA,MARIBOR,3.77,service-1,,service-3,service-20,
Q TABOR,MARIBOR,3.77,service-1,,,,
R&amp;B - ROASTERY &amp; BACERY,LJUBLJANA,1.57,service-1,,service-3,,
"RESTAVRACIJA  ""BAŠČARŠIJA""",MARIBOR,2.77,service-1,,service-3,service-20,
"RESTAVRACIJA ""BERI 2""",LJUBLJANA,0.6,,,,service-20,
RESTAVRACIJA 123 DELO,LJUBLJANA,3.0,service-1,,,,
RESTAVRACIJA 123 DSU,LJUBLJANA,3.0,service-1,,,,
RESTAVRACIJA 123 FRI IN FKKT,LJUBLJANA,1.86,service-1,,service-3,,
RESTAVRACIJA 123 MC LJUBJANA,LJUBLJANA,3.0,service-1,,,,
RESTAVRACIJA 123 MC MARIBOR,MARIBOR,3.0,service-1,,,,
RESTAVRACIJA 123 MC NOVA GORICA,NOVA GORICA,3.0,service-1,,,,
RESTAVRACIJA 123 MEGA CENTER 2,LJUBLJANA,3.0,service-1,,,,
RESTAVRACIJA 123 MERCATOR DUNAJSKA,LJUBLJANA,3.0,service-1,,,,
RESTAVRACIJA 123 PEDAGOŠKA,LJUBLJANA,2.3,service-1,,,,
RESTAVRACIJA 123 PRISTAN,KOPER/CAPODISTRIA,3.0,service-1,,,,
RESTAVRACIJA 2000,LJUBLJANA,2.97,service-1,,service-3,,
RESTAVRACIJA ALLEGRIA,LJUBLJANA,4.3,service-1,,service-3,,
RESTAVRACIJA ANCORA,MARIBOR,3.47,service-1,,,,
RESTAVRACIJA BAR AMFORA,PTUJ,2.7,service-1,,service-3,,
RESTAVRACIJA BREJK,LJUBLJANA,3.8,service-1,,service-3,,
RESTAVRACIJA BURGER KING,LJUBLJANA,1.37,,,,,
RESTAVRACIJA CITY,KRŠKO,3.77,service-1,,service-3,service-20,
RESTAVRACIJA FANY &amp; MARY,LJUBLJANA,4.17,service-1,,service-3,service-20,
RESTAVRACIJA FRESCO,LJUBLJANA,3.7,service-1,,service-3,,
RESTAVRACIJA FRIDA&#39;S MEXICO,NAKLO,3.37,service-1,,service-3,,
RESTAVRACIJA GIG,LJUBLJANA,2.6,service-1,,service-3,,
RESTAVRACIJA GLAŽUTA,LJUBLJANA,4.17,service-1,,service-3,,
RESTAVRACIJA IN KAVA BAR PARADIŽ,LJUBLJANA,3.07,service-1,,service-3,,
RESTAVRACIJA IN KAVARNA FOODIE,LJUBLJANA,1.99,service-1,,service-3,,
RESTAVRACIJA IN PIVNICA ZVEZDA,MURSKA SOBOTA,2.47,service-1,,,,
RESTAVRACIJA IN PIZZERIJA PEPERONČINO,KOPER/CAPODISTRIA,3.3,service-1,,,,
RESTAVRACIJA INTERSPAR CELJE,CELJE,2.99,service-1,,,,
RESTAVRACIJA INTERSPAR CITYPARK,LJUBLJANA,2.99,service-1,,,,
RESTAVRACIJA INTERSPAR KOPER,KOPER/CAPODISTRIA,2.99,service-1,,service-3,,
RESTAVRACIJA INTERSPAR KRANJ,KRANJ,2.99,service-1,,,,
RESTAVRACIJA INTERSPAR MARIBOR EUROPARK,MARIBOR,2.99,service-1,,,,
RESTAVRACIJA INTERSPAR MARIBOR QLANDIA,MARIBOR,2.99,service-1,,,,
RESTAVRACIJA INTERSPAR MURSKA SOBOTA,MURSKA SOBOTA,2.99,service-1,,,,
RESTAVRACIJA INTERSPAR NOVA GORICA,NOVA GORICA,2.99,service-1,,service-3,,
RESTAVRACIJA INTERSPAR VIČ,LJUBLJANA,2.99,service-1,,,,
RESTAVRACIJA KAVARNA PIZZERIA HOMBRE,LJUBLJANA,3.7,service-1,,service-3,service-20,
RESTAVRACIJA KAZINA,JESENICE,4.0,service-1,,,,
RESTAVRACIJA KAZINA - DOSTAVA,JESENICE,4.0,service-1,service-5,,,
RESTAVRACIJA KITAJSKA PALAČA,MARIBOR,2.4,service-1,,service-3,service-20,
RESTAVRACIJA KITAJSKA ZVEZDA,LJUBLJANA,3.3,service-1,,service-3,service-20,
RESTAVRACIJA KITAJSKI VRT,PTUJ,2.87,service-1,,,,
RESTAVRACIJA KLUB CANKARJEVEGA DOMA,LJUBLJANA,3.57,service-1,,,,
RESTAVRACIJA KOLODVORSKA,VELENJE,3.37,service-1,,,,
RESTAVRACIJA KOMPLIMENT,ŠKOFJA LOKA,3.0,service-1,,,,
RESTAVRACIJA KOTNIKOVA,LJUBLJANA,2.5,service-1,,service-3,,
RESTAVRACIJA MANGO,MARIBOR,3.4,service-1,,service-3,service-20,
RESTAVRACIJA MCDONALDS - CITYCENTER,CELJE,2.07,service-1,,service-3,service-20,
RESTAVRACIJA MCDONALDS - PTUJ,PTUJ,2.07,service-1,,,,
RESTAVRACIJA MCDONALD&#39;S ČOPOVA,LJUBLJANA,2.07,,,,service-20,
RESTAVRACIJA MCDONALD&#39;S KOLOSEJ,LJUBLJANA,2.07,,,,,
RESTAVRACIJA MCDONALD&#39;S NOVO MESTO,NOVO MESTO,2.07,,,,,
RESTAVRACIJA MCDONALD&#39;S RUDNIK,LJUBLJANA,2.07,,,,,
RESTAVRACIJA MCDONALD&#39;S -ŽELEZNIŠKA,LJUBLJANA,2.07,,,,,
RESTAVRACIJA MCDONALD&#39;S ŽITO,LJUBLJANA,2.07,,,,,
RESTAVRACIJA MODRI KVADRAT,LJUBLJANA,3.37,service-1,,,,
RESTAVRACIJA MOZART,LJUBLJANA,3.37,service-1,,service-3,,
RESTAVRACIJA MR. FALAFEL,MARIBOR,3.5,service-1,,service-3,service-20,
RESTAVRACIJA NA KLANCU,SLOVENJ GRADEC,2.87,service-1,,,service-20,
RESTAVRACIJA ORIENT,MARIBOR,2.9,service-1,,,service-20,
RESTAVRACIJA PIANO,MARIBOR,2.96,service-1,,,,
RESTAVRACIJA PIZZERIA SAN MARTINO,LJUBLJANA,3.27,service-1,,,,
RESTAVRACIJA PLEČNIKOV HRAM,LJUBLJANA,3.27,service-1,,service-3,service-20,
"RESTAVRACIJA PRESTIGE CATERING, GZS",LJUBLJANA,2.97,service-1,,service-3,,
RESTAVRACIJA PRI STAREM MOSTU (HOTEL LENT),MARIBOR,3.37,service-1,,service-3,,
RESTAVRACIJA RDEČE JABOLKO,LJUBLJANA,3.2,service-1,,service-3,service-20,
RESTAVRACIJA RODIŠKA KUH&#39;NA,DOMŽALE,2.97,service-1,,,,
RESTAVRACIJA SARAJEVSKIH JEDI VALTER - ŠKOFJA LOKA,ŠKOFJA LOKA,2.3,service-1,,,service-20,
RESTAVRACIJA SARAJEVSKIH JEDI VALTER JESENICE,JESENICE,2.3,service-1,,,,
RESTAVRACIJA SARAJEVSKIH JEDI VALTER KRANJ,KRANJ,2.3,service-1,,,service-20,
RESTAVRACIJA SARAJEVSKIH JEDI VALTER LJUBLJANA,LJUBLJANA,2.3,service-1,,service-3,service-20,
RESTAVRACIJA SARAJEVSKIJ JEDI VALTER RADOVLJICA,RADOVLJICA,2.3,service-1,,,service-20,
RESTAVRACIJA SHAOLIN,LJUBLJANA,3.0,service-1,,,service-20,
RESTAVRACIJA SKRITI KOT,LJUBLJANA,3.7,service-1,,service-3,,
RESTAVRACIJA SLOREST VIČAVA,PTUJ,1.5,service-1,,,,
RESTAVRACIJA SPLOŠNE BOLNIŠNICE NOVO MESTO,NOVO MESTO,3.17,service-1,,,,
RESTAVRACIJA ŠEF LA,LJUBLJANA,2.5,service-1,,,,
RESTAVRACIJA ŠEF LA - DOSTAVA,LJUBLJANA,4.0,service-1,service-5,,,
RESTAVRACIJA ŠOLSKI CENTER AŠKERČEVA,LJUBLJANA,2.0,service-1,,service-3,,
"RESTAVRACIJA TARTUF ""CENTER""",LJUBLJANA,3.7,service-1,,service-3,,
RESTAVRACIJA TOMI,MARIBOR,2.97,service-1,,,,
RESTAVRACIJA TUŠ CELJE (PLANET TUŠ),CELJE,2.37,service-1,,,,
RESTAVRACIJA TUŠ KRANJ,KRANJ,2.37,service-1,,,,
RESTAVRACIJA ZLATA SREČA,MARIBOR,2.5,service-1,,,,
"RESTAVRACIJA,PICERIJA, ŠPAGETERIJA ADRENALINA",KRŠKO,3.7,service-1,,,service-20,
"RESTAVRACIJA,PICERIJA, ŠPAGETERIJA ADRENALINA - DOSTAVA",KRŠKO,4.0,service-1,service-5,,,
RESTORANTE BELLA ITALIA,MARIBOR,3.5,,,,,
ROŠTILJ,LJUBLJANA,2.57,service-1,,,service-20,
ROZA SLON,LJUBLJANA,2.9,,,service-3,service-20,
ROZA SLON BEŽIGRAD,LJUBLJANA,2.9,,,service-3,,
RUNNING SUSHI &amp; WOK,LJUBLJANA,3.87,service-1,,,,
SALAMON - DOSTAVA,LJUBLJANA,3.87,service-1,service-5,,service-20,
SAMOPOSTREŽNA RESTAVRACIJA DOBRA HIŠA,LJUBLJANA,3.87,service-1,,,,
SKUHNA - SVETOVNA KUHINJA PO SLOVENSKO,LJUBLJANA,3.37,service-1,,,,
SLAŠČIČARNA IN KAVARNA LEONARD,LJUBLJANA,0.0,,,service-3,service-20,
"SLAŠČIČARNA IN OKREPČEVALNICA ""JAGODA""",LJUBLJANA,1.57,service-1,,,,
SLAŠČIČARNA IN PICERIJA AJDOVŠČINA,AJDOVŠČINA,3.37,,,service-3,service-20,
SLAŠČIČARNA IN PICERIJA AJDOVŠČINA - HALO ERIK-DOSTAVA,AJDOVŠČINA,3.37,service-1,service-5,,service-20,
SPLOŠNA BOLNIŠNICA IZOLA,IZOLA/ISOLA,2.37,service-1,,,,
SREDNJA GOZDARSKA IN LESARSKA ŠOLA POSTOJNA,POSTOJNA,1.97,,,,,
SREDNJA ŠOLA IZOLA - SCUOLA MEDIA ISOLA,IZOLA/ISOLA,2.0,service-1,,,,
STARA KRŠKA PIZZERIJA,KRŠKO,3.37,service-1,,,,
STARA KRŠKA PIZZERIJA - DOSTAVA,KRŠKO,3.57,service-1,service-5,,service-20,
SUBWAY,LJUBLJANA,1.37,service-1,,service-3,service-20,
SUBWAY,LJUBLJANA,1.37,service-1,,service-3,service-20,
ŠEHEREZADA,LJUBLJANA,1.37,,,,service-20,
ŠOLSKI CENTER ŠENTJUR,ŠENTJUR,0.87,service-1,,,,
ŠTUDENTSKI DOM LJUBLJANA - RESTAVRACIJA,LJUBLJANA,2.6,service-1,,service-3,,
TAJ MAHAL,LJUBLJANA,4.0,service-1,,service-3,service-20,
TAJ MAHAL - DOSTAVA,LJUBLJANA,4.0,service-1,service-5,,service-20,
TAJSKA RESTAVRACIJA BANGKOK STREET,LJUBLJANA,3.67,service-1,,,,
TAKOS DOS,MARIBOR,3.0,service-1,,,,
TAKOS LENT,MARIBOR,3.0,service-1,,,service-20,
TANDOORI CAFE,LJUBLJANA,3.3,service-1,,service-3,service-20,
TANDOORI CAFE - DOSTAVA,LJUBLJANA,3.7,service-1,service-5,,service-20,
TASTY SNACKS,MARIBOR,0.0,service-1,,,,
"TAVERNA HUBER, RESTAVRACIJA IN SLASČIČARNA",MURSKA SOBOTA,2.97,,,service-3,,
TAVERNA SICILIA,MARIBOR,3.57,service-1,,service-3,service-20,
TAVERNA SICILIA - DOSTAVA,MARIBOR,3.57,service-1,service-5,,service-20,
THE WOK,LJUBLJANA,2.57,service-1,,,service-20,
TRATTORIA PADRINO,MARIBOR,3.0,,,service-3,service-20,
TRNOVSKI ZVON,LJUBLJANA,3.87,service-1,,,service-20,
TUŠ RESTAVRACIJA MARIBOR STUDENCI (PLANET TUŠ),MARIBOR,2.37,service-1,,,,
UFO,LJUBLJANA,2.98,service-1,,service-3,service-20,
UN MOMENTO-PIZZA TIME,MARIBOR,0.6,,,,,
"UTRIP - BAR, BISTRO IN KAVARNA",LJUBLJANA,4.37,service-1,,,,
V PARKU,LJUBLJANA,0.0,service-1,,,service-20,
VEGETARIJANSKA OKREPČEVALNICA HOLYFOOD,LJUBLJANA,0.0,,,service-3,,
VEGETARIJANSKA RESTAVRACIJA RADHA GOVINDA,LJUBLJANA,3.2,service-1,,,,
VIVO D125,LJUBLJANA,3.87,service-1,,service-3,,
VODNIKOV HRAM,LJUBLJANA,4.37,service-1,,service-3,service-20,
VOLTA,LJUBLJANA,2.9,service-1,,service-3,,
VOZI MIŠKO (MC ŠIŠKA),LJUBLJANA,3.87,service-1,,,,
VOZI MIŠKO (SUPERNOVA RUDNIK),LJUBLJANA,3.87,service-1,,,,
WOK MIX OKREPČEVALNICA,MARIBOR,2.7,service-1,,service-3,,
ZLATI KROŽNIK,DOMŽALE,3.5,service-1,,service-3,service-20,
ZLATI KROŽNIK - DOSTAVA,DOMŽALE,4.0,service-1,service-5,,service-20,
ŽITO LJUBLANA ŽELEZNIŠKA (KOLODVOR),LJUBLJANA,0.6,,,,service-20,
ŽITO LJUBLJANA BAVARSKI DVOR,LJUBLJANA,0.6,,,,service-20,
ŽITO LJUBLJANA VODNIK,LJUBLJANA,0.6,,,,service-20,
ŽITO TRŽNICA KOPER,KOPER/CAPODISTRIA,0.6,service-1,,service-3,service-20,
